R0,delta,theta_pi0,weight
3.89163996217429,-9.900432140301637,-7.8196351423895285,0.0010265931886212095
3.964091586697209,-9.887805872101822,-8.014641254908977,0.000708417812883428
4.021007895936824,-9.88825263580258,-8.11708767534057,0.000774040660251395
4.275965051620895,-9.923447816135631,-8.651537471187755,0.0013395770771605297
4.079460242326988,-9.916237573826397,-8.222508457709319,0.0009109361067811562
4.285323847031684,-9.936909017378557,-8.64483691317177,0.0009156999278391018
4.225779774316116,-9.933186007192562,-8.578442287521419,0.0009586492635790721
4.081703886771888,-9.899576439696814,-8.275834530234821,0.0009439404501835105
4.180941045848743,-9.936596513361911,-8.41724531308379,0.0009961216400254768
4.139567918643905,-9.921840328542931,-8.388859193095874,0.000827747701779446
3.995664393540694,-9.915341769933276,-8.099318655700708,0.0012591464942499134
4.193055539307808,-9.948600611484723,-8.443417784222456,0.0010702714759424068
4.151309578518282,-9.909496490543493,-8.297084771614518,0.001177114209905658
4.031088965692443,-9.929906490008035,-8.139826194177333,0.00103306278706642
4.220602635301046,-9.936682799784291,-8.441124248779177,0.0010645892551385074
4.162375925880443,-9.905035577528778,-8.42169518363433,0.0010592793525649787
4.0194208502121365,-9.900319115714339,-8.069724185472921,0.0015639901835360975
4.124278572912184,-9.922319101046634,-8.369527282017659,0.0008956329269199249
4.279686124444553,-9.923129917415647,-8.662591875134238,0.0013335339245214752
4.105052150848284,-9.937018263186705,-8.31775262968067,0.0009739822927182675
4.185092637953839,-9.940189069600716,-8.487020050581364,0.0011464405700277883
4.137107318093885,-9.935913642236473,-8.351830531529771,0.0010047408008479533
4.280615361100981,-9.915092024429095,-8.593827168954617,0.0008338907213272635
3.8813348740399447,-9.889713343834268,-7.870857657242697,0.0008454295344122948
4.290528450227008,-9.945374727105369,-8.652190960644482,0.0009569305144267718
3.9761233000627825,-9.898484671299688,-8.07531639293531,0.0009115197070158931
4.162137260758118,-9.930280304908104,-8.340998461117012,0.0008613720747748772
4.160483633653867,-9.90068482768822,-8.33751354276795,0.0010485897188148771
4.131193794235505,-9.930347531194965,-8.268790029071853,0.0009734159724661515
4.137661606236541,-9.893961331384668,-8.365014962447482,0.0009721718272102959
4.337208360277943,-9.945692509781024,-8.729015014598081,0.0011444501795264998
3.9618564346127307,-9.896268099996739,-8.05356662952454,0.000860716858913156
3.993086642402067,-9.886664207555715,-8.026014206822104,0.0010082672181975971
4.225862219860332,-9.934948564501886,-8.488645765122623,0.0009750176140677194
4.162598954587811,-9.937707734341533,-8.350154971685397,0.000894038741395421
4.0916722414902225,-9.929311650155435,-8.214163922217923,0.0008329534669138873
3.898847158007696,-9.905308980756438,-7.874500631808189,0.0010490637169556277
4.102842396165231,-9.906302402469517,-8.236730643477483,0.0011344841907404955
4.014000038428771,-9.92467819727499,-8.139726706488844,0.0013282899399328903
4.156625511222565,-9.89975805550939,-8.41321014998934,0.000989612552106479
4.139556373712373,-9.91627053468574,-8.37161614869859,0.0009708437134163716
3.8428766423339162,-9.883302730029763,-7.774231203658165,0.0009761602728939936
4.284791688374106,-9.92402987278828,-8.626057662555937,0.0008740423633241227
4.031105035938831,-9.882400756592384,-8.112825325185938,0.0009136438852661079
3.984815775053505,-9.905919982839471,-8.056176974784256,0.0010081477469590292
3.9160707819552787,-9.906684967302716,-7.902735004914461,0.0010660221698725694
4.101805356322519,-9.899598473033537,-8.290175420096805,0.0009867729077145402
4.00086954025802,-9.919332613653795,-8.121558115207868,0.0013901238545832495
4.1458260299032315,-9.92475824678454,-8.426018234782225,0.0009942405282608365
3.9714227237489252,-9.923650371678383,-8.020262428301203,0.0011693575545685326
4.277107028985808,-9.929458337873376,-8.558027073216685,0.0009513998440841991
4.081675280947607,-9.915255631271764,-8.210079917227166,0.0008560169184402688
3.9127173446505603,-9.900572349315915,-7.910033181432184,0.001030987307469762
4.054798923119328,-9.907322829177483,-8.108431872120365,0.0013728505004209515
4.039738397088328,-9.912643681930382,-8.217754981607202,0.0010530590783400765
4.216553224912556,-9.90461034536426,-8.474957518181759,0.000947474881458408
3.8975104589816874,-9.882460427320876,-7.843396537491758,0.0012565358474561637
4.245728719640267,-9.907548803458242,-8.562958161110872,0.0009276066095020522
4.215371307875705,-9.907488849865917,-8.47533715896096,0.0009093704530351589
4.328328787646461,-9.928321060275527,-8.698446742291495,0.0008496800406985075
3.964907848076594,-9.8989545777511,-7.944371568339276,0.0016089648731594903
4.003261756574215,-9.91441633243543,-8.07915622974929,0.0010676951532497625
4.080114244970605,-9.915143671280546,-8.241811854336554,0.0010082969058983775
4.112636353124777,-9.906268377590306,-8.222973459524312,0.0012937559050959615
3.9738605819327377,-9.901788853620555,-8.030687793725534,0.0009699969590685384
4.191708501585481,-9.927599195450236,-8.450200847603204,0.0008780709269393742
4.039448395261096,-9.911804844763543,-8.205881308801995,0.0010259264836468855
4.120658875684835,-9.919452912904683,-8.276578635356113,0.0007709133815536795
3.912955698222461,-9.88023528222433,-7.879078279224728,0.0011062336857710917
4.167030391307684,-9.924947344936434,-8.43624978604672,0.0008122364846497292
4.219311432526911,-9.943799464482563,-8.511334710087505,0.0009856155996526951
3.999131204388375,-9.880877178256714,-8.10994274126666,0.0008106034064844771
4.205736558554239,-9.923661163776364,-8.494011717572576,0.0009439813759256526
4.199400805155812,-9.914308996993803,-8.526486136073828,0.0010059206223703159
4.243925126925135,-9.913284626457889,-8.540785808754256,0.000828171352950816
4.0194798061343855,-9.883858288761887,-8.115790173266273,0.0007852246293778184
3.98364296847427,-9.892587471948362,-8.08458998678319,0.0007702033527292766
4.26465898305197,-9.932401739520394,-8.541539147686326,0.000991114193786413
4.295202191772176,-9.919368603038844,-8.629161042624004,0.0007997667520852828
4.173532693652313,-9.928976554492325,-8.46660316031318,0.000918801637105225
3.933230258485385,-9.893479768507703,-7.981563587233057,0.0008053982206649133
3.9657023154760918,-9.895436829242307,-8.046080867772789,0.0008172256784726626
4.160708139176978,-9.928725095834418,-8.366344670674776,0.0008047130110875588
3.9036231369763836,-9.88821092916244,-7.901478872363438,0.0007948448078987791
4.182416628977294,-9.923354723500985,-8.374793120671546,0.0009108188830518101
4.257236417573723,-9.932849614951168,-8.537386200026834,0.0009810410336376747
4.098400373817451,-9.913801723182731,-8.3219055296869,0.0008758936198754177
4.273290356092865,-9.931831284540989,-8.609643692531035,0.0009325744157098586
4.0585147173275615,-9.902060668010787,-8.207718625970656,0.0010252357674005383
3.880616195364503,-9.895007666524075,-7.805813916362607,0.001005932766972073
3.938912119289661,-9.900998547017206,-7.967883901148739,0.0010068777870016362
4.1159055447558375,-9.896449879534114,-8.325773188222126,0.0009260713987353118
4.177245123960158,-9.92076413572948,-8.38146502915112,0.0008367249308922708
3.9811116909272033,-9.911745013421696,-8.002351365735837,0.001146308391489604
4.085709638327003,-9.90494331315515,-8.244954645915406,0.0011228556069785372
3.9636443105330357,-9.894079566296751,-8.000050236325956,0.0009530392363734599
4.213739491707461,-9.930432965597099,-8.41749084746574,0.0010277771650533472
4.172863415253457,-9.940519230357904,-8.420381151022712,0.0009993551844324304
4.062637973485471,-9.9246407093784,-8.265852090857786,0.001332424772831088
3.9973171584978253,-9.917738446159769,-8.06449593191501,0.001086323394485698
3.957781829686904,-9.89655837604171,-8.058694986956327,0.0008313083470751957
4.070960695073625,-9.906895137797344,-8.215383938652575,0.0010902168654812487
4.194459366784423,-9.902956251408172,-8.451391325287894,0.0009659752269961674
3.951335199906906,-9.883092584578463,-7.966034886653231,0.0008984368857616395
4.140240861288651,-9.925536722011602,-8.284993339843444,0.000950413700776109
3.9139220819673675,-9.8754019283764,-7.919099346239912,0.0007979972769079636
4.248844412378014,-9.922529231340134,-8.509278483410803,0.0008824538704264998
4.280775964311177,-9.935136219679391,-8.650981163234045,0.0009329848902212918
4.04447040710599,-9.911031770378322,-8.093460698670041,0.001255693643128078
4.1587712846789175,-9.917263934689142,-8.387871839794453,0.0009832389280942724
4.157524543158351,-9.90488226881218,-8.404048370966745,0.0010492062887821974
4.140233200674535,-9.932406635084503,-8.374100687193598,0.000952113404588857
3.8823847392551434,-9.894718414064736,-7.813000821013654,0.0009944825292415953
4.0040258707327245,-9.902336268401525,-8.082084629391735,0.0009930119607697893
4.2112507453774795,-9.934446979382765,-8.530943280540647,0.0008689213186957717
4.0997830217773785,-9.918322089289434,-8.21319268635218,0.0009639230978366152
4.3297378431003715,-9.931047840125004,-8.687877538025072,0.0008897840784797416
4.087992858187003,-9.941724795717022,-8.244624241583413,0.0009520811971822005
3.999865952378271,-9.89356601907636,-8.08172358734215,0.0007848959690652908
4.079674807225068,-9.930856581457883,-8.287134421317749,0.0012586285413850385
4.155705733523269,-9.933107117765186,-8.407484528578719,0.0009136350256861433
4.155695912156514,-9.942532523965335,-8.388904815931538,0.0009454414855781535
4.204751533250295,-9.914360666113057,-8.48651972858494,0.0010604252124036787
3.956094735559455,-9.91483256247827,-7.995184775520438,0.001178290068383057
4.062503209790544,-9.92128433363466,-8.148985461609493,0.0009716521684213528
4.112155409153484,-9.899450286268408,-8.320748973647127,0.0009551554392291627
4.2748283528565985,-9.935935927415182,-8.621848547128904,0.0009053323022940426
3.9529393345867385,-9.895667794972393,-7.958120505759392,0.0013116944796033637
4.1301298288622945,-9.940108169463201,-8.278474130680667,0.0008804628989608672
4.026788470483476,-9.921976744765004,-8.077124103135253,0.0009780783024212624
4.03986056129681,-9.912956754521845,-8.093499792422861,0.0012129588902854453
4.002839639589051,-9.914836013054568,-8.111582292487398,0.001208737646440707
4.108163423192207,-9.904552612645046,-8.332408010010814,0.0009905694319926894
4.14653193069895,-9.893715877372477,-8.355102722510711,0.0011472540750568619
4.115236094834995,-9.937461684692922,-8.302333254780276,0.0009630062958741032
4.3045844880062285,-9.927451111817996,-8.668609097188108,0.000931591919902929
3.9965221988872135,-9.883105155104554,-8.092726582510815,0.0007451385101241784
4.040417943154397,-9.89805255141412,-8.079668531155914,0.0013945723025644125
3.985398482304103,-9.913600072068718,-7.984305412743855,0.001074078020407595
3.9267110699511347,-9.89917429418333,-7.932272772449522,0.0010186879304132205
4.201228574916237,-9.907865857143062,-8.472655821053257,0.0009679512596735126
3.929466037427162,-9.909580271962886,-7.944746776831066,0.0011313130806214317
3.9833564061184337,-9.892085976547442,-8.007018705979151,0.001394433453538979
4.233528380444883,-9.922153327995023,-8.55118561787867,0.0011112203456065007
4.115225945597457,-9.907484068755966,-8.277373068584687,0.001066404250788759
4.032018436104255,-9.91969807379724,-8.122126195186658,0.0009857615678219769
4.179683767210431,-9.940283721061506,-8.40560998145245,0.0010378630350751773
4.321776196740651,-9.929164315686378,-8.693416490351563,0.0008758059907188107
4.287209483691926,-9.922902341703354,-8.654755590375126,0.0012346968421767766
4.059159998419479,-9.93889646624569,-8.198709997746477,0.0009654823082561907
4.120243606316924,-9.928095023781148,-8.237791400858255,0.0010729942570762965
4.0924843792757635,-9.926727490985785,-8.328793668081875,0.001344977203653783
4.317626705147255,-9.925275913025981,-8.689510380252589,0.00088645398362731
4.105226926039398,-9.905782685918927,-8.233503155055097,0.0011897184851802594
4.047759487823739,-9.926865098996249,-8.136046217369383,0.0008635073959889938
4.095067915840706,-9.923478052118124,-8.251395430066527,0.0008952095822183281
4.191048762819326,-9.929492189365785,-8.455686263611046,0.0008667874756814973
3.961584526110484,-9.919281358065897,-7.971658172101268,0.001019243753062072
4.226111583316877,-9.919711945234543,-8.458539739941603,0.0009054287804918724
4.07959971242105,-9.897235230521925,-8.289212415079678,0.000922434859038586
4.155871453261681,-9.934453041488323,-8.42356293288451,0.0010315619305495253
4.113376860969832,-9.918585271356683,-8.36086249990728,0.0009110151445574526
4.245791301645074,-9.927030592632441,-8.576463830957751,0.0010214464274819531
4.075201753696018,-9.921201284881395,-8.183822554063866,0.0008835692692855614
4.299686443818752,-9.935351144323926,-8.640290732006259,0.0009388982492385225
4.202050609796342,-9.904004793689008,-8.506086706237104,0.0010520158486208725
4.127975148566677,-9.90435751190492,-8.356613566659536,0.001034058470397508
4.0752752860539045,-9.889641972767267,-8.260218489275433,0.0008421586885840685
3.871552425816247,-9.896331444255981,-7.802063051736311,0.0009038365245223262
4.3156735828656325,-9.936108809854883,-8.643123009033996,0.0009774683565993054
4.169651924499102,-9.899045902375367,-8.445018961230332,0.0010106906280534366
3.9714010047817214,-9.906061323738095,-8.038757931281662,0.0010445487680872372
4.26213913173476,-9.92184899849554,-8.521978941579432,0.0008773870789984423
4.175829712720131,-9.94100219122845,-8.41503587305958,0.0010542271465663056
4.11485441352076,-9.907473451192516,-8.232236955453205,0.0012630010211108266
3.999123079486167,-9.914745582063404,-8.025827931958826,0.0011134339314721171
4.260233365281113,-9.92472105101135,-8.549946701290153,0.0008539490507929719
4.163557116275273,-9.911115908179982,-8.35604622237287,0.0010384820937455056
3.899105385311808,-9.895146058397117,-7.9056879611173265,0.0009462030067128919
3.967912749457792,-9.911088028285256,-8.07384502442995,0.001322432431342046
4.102969193270918,-9.914926829980725,-8.219334925767528,0.0010198697210485818
4.012463471170106,-9.914002379987929,-8.138335181477878,0.001171057465729299
4.338114251656037,-9.938225305581282,-8.734128111609493,0.0010295722562700825
3.9394923245311584,-9.899687200279741,-7.9331952356855275,0.001164192741666325
4.295608455503722,-9.93542508915089,-8.652608126760562,0.0009508639748863806
4.100047336067657,-9.90098772983649,-8.272509542307978,0.0010713205654844476
4.019284899479339,-9.890126661266134,-8.146213792538656,0.0007394048852648097
4.208966265093249,-9.935140772115004,-8.483720098710894,0.00091012635813728
4.061817259992295,-9.91049646549187,-8.196147651232534,0.0010158798482764505
4.177962497062486,-9.936539445258054,-8.381230581526493,0.0009104447472910317
3.9540173817183866,-9.91138093269889,-8.003346275562361,0.0011749743079487514
4.2705488497349435,-9.921510300162742,-8.542537555248085,0.0008724568192009481
4.0436928774877865,-9.914239841941676,-8.10549966905408,0.0011627527731241075
4.318672723161988,-9.934484104704195,-8.659855627993483,0.0009354463871656786
3.9872600344755647,-9.907142050217594,-8.065136251855831,0.0010237099246228633
4.206693856038996,-9.925177021882009,-8.435450600314839,0.0008716226318588483
4.18571154800119,-9.928355705018816,-8.438710151918356,0.0008771594251718149
4.004560329905054,-9.907042672711917,-8.037516915144817,0.0014057114821628039
4.046056535874684,-9.924630545268498,-8.164713477852168,0.001034033077601599
4.140994744098485,-9.908968125988658,-8.360622651845032,0.0011049784786428371
4.243424438341371,-9.93659939934391,-8.594664596760659,0.000870023826686956
4.333822578182442,-9.935645357900027,-8.715309970080195,0.0009448751401914647
4.035894693180021,-9.89367744542719,-8.205869604651271,0.000845958098227555
4.053883947676276,-9.903443014168301,-8.202635236681369,0.001037621433303601
4.30152063135661,-9.931480616466391,-8.66650884591092,0.0009765443964386907
4.10100613888118,-9.904941290232427,-8.33925544809997,0.0009704658314648777
4.318049977119894,-9.941914655298364,-8.670606867968228,0.0011158065098474943
3.926289312177821,-9.910380388521359,-7.91051620484919,0.0010727753028400425
4.202624082978568,-9.919207490727098,-8.50728584163972,0.001003945606524913
4.015028316365624,-9.8885139568042,-8.15309271078039,0.0007582879218527593
4.081243609842851,-9.88541596495653,-8.223565938999112,0.0010832995972158551
4.069722319991433,-9.907191227420796,-8.267539757851788,0.0009682417333580607
3.991158830462735,-9.917671439341069,-8.017098259457402,0.0010223419893321114
4.116136300489931,-9.893995938064112,-8.300748921488447,0.0010815323081309718
3.8713958235131054,-9.882384841547461,-7.855242313797251,0.0007659338026295217
4.089546198238768,-9.909874856000874,-8.180644186134808,0.0012523593317690126
3.9717891445302764,-9.883973334437337,-8.068720557916283,0.000753816028276052
4.081811813469908,-9.929111743127985,-8.292829907240467,0.001286796898024839
3.9968693348507403,-9.922229328693211,-8.113242232590562,0.0014036044277464736
4.279432973163958,-9.938457576303625,-8.660390375640752,0.0008920333296537864
3.913875497394996,-9.881860592245818,-7.864380779198595,0.0010961733949836792
4.110355449050917,-9.93070665104158,-8.329286929462471,0.0010732750450735305
4.150013662276406,-9.926419804533936,-8.396804126844472,0.0008504902160319495
4.10362983644897,-9.900471324516198,-8.256811753236072,0.0011905479107959744
3.9424736838631014,-9.912544089536436,-7.917017711255753,0.0010207681309100164
3.9570357806349965,-9.903176922098512,-7.932759876495559,0.0013822839394212773
4.213465320644817,-9.906713153872593,-8.498080333904664,0.0009468034051507439
4.13205126775943,-9.94153647973464,-8.316327645827034,0.0009482242076690377
4.021251455740977,-9.909757447076467,-8.128149310682879,0.0010075053300408145
4.040208629794848,-9.910973495592765,-8.136756850212501,0.000991979165943693
4.1889814231588725,-9.916283683294978,-8.413323531155878,0.000915802885970273
4.087202950300395,-9.939560111846633,-8.242357787633239,0.0009249243181860721
3.9197489313294986,-9.906834654187106,-7.940642729223898,0.0011451295112372992
3.9793211633955514,-9.913477029092405,-8.037056806361612,0.001118234158074162
4.306936289082429,-9.93666825792119,-8.616593124525254,0.0009985755538361595
3.9064111142762283,-9.899288806855777,-7.910738878908172,0.001025707418489905
4.035514462591076,-9.93192987885562,-8.144606729630873,0.0009910002805154903
4.159811548569067,-9.92984910079231,-8.424934631570569,0.0008771505925212798
3.9567925635239276,-9.877330736507627,-8.021991287668317,0.0008363025282094536
4.121189812483081,-9.89553517878923,-8.30356651875449,0.0011493338058448687
4.04705646041856,-9.922537762067845,-8.176849345410382,0.001099232532173041
3.850384988406603,-9.888181246168156,-7.785189860599569,0.0009620314897132283
4.180997665100803,-9.922103553435777,-8.462711640207685,0.0008477216166738218
3.898697941612162,-9.903147172189971,-7.885512884266823,0.0010531517797052676
4.0747098562863675,-9.89006055539675,-8.16955590914392,0.001037918631735509
4.042901114219589,-9.893905362152287,-8.097418264937097,0.00114956429414036
4.222197512588731,-9.930673206093063,-8.518469051686326,0.0008667696339409497
4.025912816250271,-9.914110117637236,-8.184747463655519,0.0011255333048241201
4.140963925688901,-9.916656615862546,-8.318629136493499,0.0008212222877490989
4.024661287253144,-9.907678026416232,-8.071786805749483,0.0014106075200841226
4.022465540091654,-9.916972804896945,-8.168625066809694,0.0012256056126221672
4.306927873459135,-9.93321820112576,-8.661159786052423,0.0008978942033656586
4.021783035092759,-9.917856242272707,-8.18461350071816,0.0012746563247534972
4.282247856278189,-9.932166729930556,-8.60439174195405,0.0009017413564454275
4.277453408609553,-9.931422092289793,-8.616162891574602,0.0009309257353725196
4.057663505987157,-9.92566153248785,-8.225550815027779,0.001236358319871033
3.8583425368678657,-9.892657099866915,-7.792816183977465,0.0009367039809143437
4.001663905128709,-9.889193280935348,-8.134228044274534,0.0007722225559672781
4.314205600948666,-9.923645893968866,-8.696287661504106,0.0010514017263974777
4.103104275893034,-9.917362959568122,-8.294161009315715,0.0009831805561803162
4.161933884592545,-9.900540698237569,-8.383308401367604,0.0010804833559041789
4.087271114627853,-9.916839327586901,-8.29781690360006,0.0009205325163119484
4.281610106724732,-9.923058128648462,-8.6257450597447,0.0009363017644400403
4.01921474568361,-9.91208516576895,-8.176427246404993,0.0011088766353534929
4.261666249932257,-9.91166117955475,-8.585751290303387,0.000875956319209366
3.914849177404002,-9.898162694383098,-7.906258098381893,0.0010145080097587879
4.152819934587467,-9.902299230505157,-8.39437365786579,0.001015625212827894
4.259248699284555,-9.93048381656975,-8.602804731609774,0.0009716115056460723
4.057233549928803,-9.930475649319758,-8.19529429528573,0.00103670603498375
4.029465162147472,-9.910682547303649,-8.106101806931784,0.0010720891392692472
4.16705926363877,-9.931103662511132,-8.4698007270867,0.0011965901409665687
4.154188761591239,-9.932738564451787,-8.338140807058274,0.0008358160295875196
4.068315171491413,-9.936346074225487,-8.19909902195714,0.0009153065682688959
4.225741697399974,-9.941366370059912,-8.492168716151339,0.0011091290657558796
4.2042389549307515,-9.913232540318425,-8.434552047337155,0.0009591089904995771
3.9483545857270186,-9.890896526279432,-7.9524257717285085,0.0012615891801993876
4.1538330788404005,-9.913671610812573,-8.376197499027286,0.0010314202703958963
4.0256471836924215,-9.91774340893915,-8.14025217104292,0.0011173118989083795
3.903845091914447,-9.892890640791636,-7.869190769950741,0.0010722129532964456
3.9394449915061487,-9.896944835436226,-7.96167722179959,0.0009503805502714192
4.231806120372301,-9.910922168126845,-8.491469930110027,0.0009020341281615081
4.234900553881237,-9.941514754043348,-8.500136037794604,0.0011287129719294079
4.072350517033569,-9.927795386051397,-8.253527720832167,0.001185474419358994
4.076844152171252,-9.92875518608386,-8.244709689808841,0.0011069517091446077
4.005435630821292,-9.914775731543237,-8.047142476841433,0.0011120222452161235
3.942547872526007,-9.909062419807949,-7.90368599678532,0.0010974077268785154
4.0239724497585065,-9.913270233386552,-8.146428086263409,0.001066230772962928
3.931151094870657,-9.904690914852067,-7.919839710052246,0.001071383546184948
4.029655358828861,-9.89492459883828,-8.103928543215241,0.001223563041783068
4.246643410939757,-9.919279498803819,-8.607265801705967,0.0011776448830565767
4.128939632165568,-9.918017748554036,-8.302994050327658,0.0007847514214274304
3.8780663206584354,-9.898445102165814,-7.838007691330906,0.0009865822370348036
4.226528877431811,-9.92275295201729,-8.45195034398828,0.0009376346186792843
4.278543026844999,-9.92288006788255,-8.565843350036324,0.0008823212671607917
3.868215119104633,-9.897440258469768,-7.841452361752952,0.0010501363931763373
3.9755708893591812,-9.917070984089733,-8.017855607156667,0.0010997533469397176
3.9342629890321246,-9.881937971124158,-7.92215284240062,0.0010430235348979488
4.067186865700842,-9.920294020127043,-8.220660858405132,0.0010343878104603962
3.9944165337890896,-9.889311024645865,-8.132183976910495,0.0007905783552141941
4.268704177824146,-9.921854879959184,-8.59042104324884,0.0008400627385813135
4.111316401365274,-9.91699401032526,-8.304418981202165,0.0010005066478737128
3.9534249648449458,-9.88709263591866,-7.979358361552745,0.0008608484155360721
4.101645415214215,-9.93092215182207,-8.320909335932564,0.0011622401376194136
4.099587323286583,-9.914463337355755,-8.187375653975375,0.001118320427417321
4.253834795221598,-9.924049281093845,-8.58549246907789,0.001101755194345732
4.168163444919439,-9.915511008200848,-8.40972271334687,0.00102384331423147
3.9990940396869687,-9.897438653335584,-8.129407429656373,0.000899217852306582
4.260767349735677,-9.949994537193549,-8.592178980889193,0.001040666483426118
4.08488799595546,-9.898451403621484,-8.306772093478193,0.0009579066189458548
4.123797691622582,-9.935199326023247,-8.297726396537515,0.0009049842368325251
4.091531676101298,-9.8930364108504,-8.260756050440794,0.000957073712647246
3.9492979486011275,-9.894868457009757,-7.943408754000581,0.0014249633024822751
4.198972554067345,-9.922282431792304,-8.471018749701656,0.0009482632367437318
4.027195375350107,-9.92346606437287,-8.095188849662753,0.0009209647481499997
4.192366823136772,-9.92217868253986,-8.42124392498387,0.0008294218987356162
3.9754687590351305,-9.922782446545517,-7.998042267407242,0.0009857640884931367
3.9692361490497716,-9.913047934249061,-8.050978438898582,0.0013019598485446012
4.060890220592974,-9.895140093290848,-8.13736249702472,0.0011544095957022396
4.29967651162294,-9.927227452674263,-8.659155338752543,0.0009303785426448189
3.983031459580904,-9.891684735703773,-8.049730558204777,0.0007526001047522108
3.8773156585216166,-9.882064082234459,-7.862185106208164,0.0007607771057518546
4.217302789652214,-9.940759028481398,-8.475204290672027,0.0010852785693688874
4.118772327439753,-9.90181306458964,-8.374841811221032,0.001026525487957888
3.931072919916319,-9.89501681434768,-7.956742470174797,0.0008666671863669551
4.190833778389928,-9.919757551024158,-8.373449521452267,0.0010072897384767049
4.184902435560239,-9.930272073534473,-8.455940113271021,0.0008278729479259533
4.05144560289985,-9.901796839404293,-8.16264638084016,0.00109407528914252
4.145032702276891,-9.94176534614923,-8.308323410756861,0.0008974236029896552
4.231204845614009,-9.941167448002506,-8.538603412317809,0.0008953965384848937
4.285880903082868,-9.938814310383812,-8.658232778768433,0.000877118637492979
3.9827786589878897,-9.925256816563637,-8.006136159850712,0.0009662785570726215
4.052187820209233,-9.920638148474033,-8.103869320037447,0.001043164875412231
4.151632334267127,-9.925069361071897,-8.322259158972951,0.0008219636983085897
4.095597798053151,-9.929697548896286,-8.273435264766688,0.0010502874338319116
3.98322993180052,-9.882585606358207,-8.039518288622402,0.0007403589759025308
4.151428047339344,-9.90351573301401,-8.375308132698276,0.0010442022278611943
4.047986178973535,-9.888563169458443,-8.190633117787144,0.000793950040257279
4.223390181419177,-9.93944590399718,-8.539722079849687,0.0008513845427855981
3.977437650737738,-9.905485164073344,-8.001333950219559,0.0012495376414800722
4.163765648325385,-9.916806818409558,-8.413067872259173,0.0010085035475954904
3.9532302010161025,-9.883217292799735,-8.014781634924615,0.0007084084114574615
4.213200876492672,-9.92559303991029,-8.500691700605778,0.0009219050802695148
4.139001124092981,-9.911786868644025,-8.337602547389624,0.0010155970881531614
4.089555994242478,-9.921169053158312,-8.242376326659697,0.0008985026332661822
4.0229932989350425,-9.906479024239662,-8.081848313219856,0.0013243920960430687
3.972038511083763,-9.906435192011523,-8.050713972175021,0.0010863081771327614
3.957619344149007,-9.924376324726474,-8.002366641992069,0.0012674186120721982
3.930250070437754,-9.896094404845988,-7.967061641045782,0.0008841489007615696
4.134058854185297,-9.909329035529046,-8.345841920707272,0.0011181080180866808
4.34272774366267,-9.944737369472062,-8.726148922011873,0.0011807282289770242
4.195795938382812,-9.906088938473912,-8.423705289411387,0.0010201596608974692
4.089170243213679,-9.917396694546081,-8.296206635472872,0.0009157377811171252
3.949372801505954,-9.894611476051153,-7.994294856979227,0.0008065288748190976
4.080306665987609,-9.932263034366938,-8.207988690373302,0.0008327752600469162
3.9237554075212673,-9.895350855315385,-7.870657409763857,0.0014627233906350072
4.212072278547602,-9.930706413982385,-8.457187679632117,0.0008842446445964034
4.005345206301815,-9.921520488565939,-8.092296560377662,0.001154064199561743
4.19856746952093,-9.935158633573863,-8.4281064511209,0.0009273641252396627
4.212986162407342,-9.926533588397417,-8.530848431481719,0.0008500811326552892
4.211969631454292,-9.936954672765848,-8.46834697146646,0.0009954307643929498
4.2233768445701525,-9.922528426237763,-8.546130029815632,0.001034163671764254
4.152386224235057,-9.893599276275289,-8.370758493284034,0.001107793123259774
4.024618794502228,-9.914500471669765,-8.053453995494285,0.0011204803964195028
4.076571986603578,-9.90111622330133,-8.271290779646511,0.0009723880142072436
3.891277047601043,-9.890386776251075,-7.835622208025763,0.0011270425854386294
3.9887934753717085,-9.910347664903215,-7.997909739346519,0.001224720923621022
4.272222642795845,-9.940353509186993,-8.595605516979093,0.0010579234447261052
4.051947022280128,-9.88430489790387,-8.166742098943294,0.0009453013464060553
4.052123970181235,-9.889766913537875,-8.152010394212127,0.0010546536937779583
4.155738619890187,-9.928677927109273,-8.33366633956911,0.0008163942688254585
4.1720907467717305,-9.91250444854337,-8.478802859747752,0.0009583954033348758
4.067944129958128,-9.939085001148952,-8.222674051221539,0.0009173064078600367
3.9287993363768403,-9.881522094514567,-7.97908012249459,0.0007602105103299471
4.148268239682163,-9.894993513509839,-8.393034716963067,0.0009746713777190669
4.133521774837906,-9.934941963510266,-8.342438765934244,0.001012932073411617
4.024353340898813,-9.912050579626932,-8.101847456002062,0.001039106957591047
4.031264258067175,-9.93529775231566,-8.149289660715247,0.001036375565504836
4.09626156772577,-9.899684383015204,-8.32661779816397,0.0009736103489565014
4.150761462246016,-9.923578181331168,-8.37471097883367,0.0009055492564124834
4.105943901423423,-9.92999138591465,-8.250215187589202,0.0008216785357283327
4.250672510279001,-9.927454404139528,-8.52606382080535,0.000896657321927969
4.122741262254787,-9.897959238467381,-8.349230517445486,0.0009334202437414273
4.300795881531946,-9.929079615811329,-8.654508488596317,0.0008800284751539387
3.991167385609069,-9.920487141057302,-8.056482070327139,0.0011169618322366905
4.2127342644318215,-9.929868787969516,-8.484127201881655,0.0008859712025570324
4.195610500624529,-9.931279143192326,-8.477358134651848,0.0008169812859763024
3.9952254765732365,-9.880827883784237,-8.046707620118875,0.0008003876910478952
4.056508183016483,-9.912518147538313,-8.218794160294108,0.000993596853445976
3.8966018835461624,-9.906176058128908,-7.844216062091817,0.0009961249667602996
4.302768420270722,-9.937076296793695,-8.689381474035347,0.0009766576567144837
3.8901990033384095,-9.884847796193366,-7.820007502556343,0.001281916663053086
4.065682481955756,-9.931858606842477,-8.247145533085545,0.0011366441622707813
3.985145435454956,-9.906759589974522,-8.065987612758756,0.0010273490969757123
4.095942376246884,-9.936147743429569,-8.242352039879842,0.0008598483994094479
4.030857604893915,-9.935343748731983,-8.153209548431455,0.0010325292170087323
3.9139741091652227,-9.904914745655958,-7.929695561052225,0.0011213010742567885
4.245448315091718,-9.936380002657868,-8.592201913606717,0.0008359741111561476
3.9650182844292483,-9.912266417283366,-8.02225230354976,0.001164972503476986
3.874470611173839,-9.88698815885765,-7.829493020322565,0.0009619632804838323
4.118513475519945,-9.910539780398276,-8.382872438647055,0.0009663396108359386
4.0654662188369715,-9.888808069422343,-8.180111997129087,0.001087710620419637
3.9251682528389313,-9.910369007400833,-7.959779506336071,0.0012638002397353573
4.1360244542994336,-9.900296510795116,-8.326068356461903,0.0011727298144911284
3.963216234098012,-9.905647639042597,-7.934553012239219,0.0012914640688516563
4.162037735633854,-9.898556798092253,-8.41491686286976,0.0009865308517585459
4.080518771341305,-9.910014650312025,-8.285255402427255,0.0009342618563350261
4.228529508203136,-9.912454858237444,-8.522272340906806,0.0009199554869651062
4.022923043732114,-9.884468256880643,-8.116482335156398,0.0008058550571626419
4.235132149422739,-9.9062231729791,-8.512530663112674,0.0008989347848564219
4.120561195787125,-9.902682245527016,-8.271357163068142,0.0012078218691615986
4.101738566122231,-9.935710770531072,-8.228477217983926,0.0008335120105124042
3.9796624933678713,-9.884275771354972,-7.985974109012094,0.0008835427104944744
4.086950614178413,-9.938086535124258,-8.260381914151456,0.0009017534428980353
3.925106521896414,-9.9053255008662,-7.873160732496459,0.001140156943584303
4.217611341396382,-9.908706403761741,-8.452321758285537,0.0009401700769232445
3.957106895847904,-9.886963178276613,-7.973350497029382,0.0010564585036513371
4.322091483641543,-9.933127442851745,-8.662897743445207,0.000936699344392443
4.322759390639806,-9.932032624990391,-8.691031926455349,0.0008813178533870663
4.244073025343211,-9.939697683610197,-8.585018983505162,0.0008467410102758882
4.053554559733045,-9.93276533958567,-8.16985075860377,0.0009108460240015242
4.155921033049528,-9.90671921351487,-8.44392141291332,0.0010338239920176468
4.037458697936321,-9.926487943029834,-8.105469111577737,0.000893249289451892
4.009579857673324,-9.893218290940048,-8.068456395130077,0.0011881515439290107
4.0381157151340865,-9.917372774913488,-8.116727587320694,0.0010027259450569156
4.061265724891822,-9.933662253985531,-8.213064636414911,0.0010000299713063814
4.104849789819665,-9.922317680661369,-8.207086972710258,0.0010520990512831307
3.978669037603164,-9.923107174715557,-8.06181514502904,0.0013119595921272569
3.9339322149296834,-9.882902065479634,-7.904054107257514,0.0010528200365171306
4.13402100894218,-9.938074827783806,-8.287021982593007,0.00087222314508154
3.907193097773539,-9.890650624516937,-7.87805576533545,0.0011050218406511991
4.023531333986101,-9.895518308093699,-8.121954574910724,0.0008714435358259822
4.237056626408299,-9.93037937983103,-8.597724645649198,0.0009049194084217245
4.205181617358428,-9.904671288427027,-8.501269214834911,0.0010376959403925955
4.232553149504091,-9.922575050107996,-8.473988513171996,0.0009036258040937058
4.234423569226374,-9.935273292262554,-8.589742624185508,0.0009443031285318132
3.926060260523077,-9.901182601698343,-7.997286165599717,0.00108738262735812
3.9802097538321344,-9.913907937953136,-8.081268045715433,0.0013398873926411515
4.21344446784347,-9.92514426420918,-8.437846425134172,0.0009207449842636394
4.067038022256619,-9.91728204448056,-8.154024199771643,0.00102805872910537
4.134848012011973,-9.92904550971138,-8.33287158902716,0.0009241195662555778
4.053035166500189,-9.888179330057218,-8.135465866065472,0.0010188338247749656
3.918728309884337,-9.912115693362605,-7.918760879674521,0.0011513890669475912
3.890756180824711,-9.883871375230317,-7.856763299943066,0.0010152858413534727
4.137248382348289,-9.91770829193452,-8.311418821189466,0.000793889107732498
3.958996917068265,-9.890459945460963,-7.984901207848237,0.0010005763012500071
3.934825464680746,-9.8775458357384,-7.931285895384257,0.0008345371459409423
3.927159353115277,-9.912985010672665,-7.94135585195414,0.0011767217777566175
4.165616098057018,-9.910746969436664,-8.399098804777525,0.0010362780909859044
3.9945566222549367,-9.908682313202664,-8.118341760902835,0.0011256455675964403
3.919100946973316,-9.88172271069031,-7.941116618729395,0.0007136782784547336
3.929677693495818,-9.893724347403406,-7.956083633861912,0.0008284824762686927
4.157720942686208,-9.896048924694071,-8.372463953523052,0.0011514182511926044
4.168265072606679,-9.945868353827699,-8.427598987005512,0.0008938312461193707
3.9079340659751347,-9.900052364749868,-7.912277488432418,0.0010354117452948868
4.013708955416064,-9.897962497073673,-8.042414347230029,0.0015888932788163074
4.171178315408049,-9.937857052928948,-8.415935256917283,0.0009917345022521645
4.305839718892993,-9.938797895591701,-8.660456108858382,0.0010048857131712506
4.061541993946716,-9.893993531250047,-8.246344639406727,0.0008464164633068163
4.094789166063102,-9.92790444725422,-8.186464746358123,0.0010721758928901762
4.2160782876137475,-9.928776722939354,-8.564314505343525,0.0009304527883680863
4.029588300865558,-9.896545593531142,-8.205512876611467,0.0008894641404225032
4.3059305003809945,-9.946319874478448,-8.649577940603304,0.0012866443591056668
4.051998224888078,-9.925629851121835,-8.14169725303081,0.0008786245639405846
3.891572074304252,-9.877109745892573,-7.871211706552842,0.0008486266092076636
3.9685670550892476,-9.888407157518767,-8.044731075359847,0.0006918855075774919
4.050771897631371,-9.896847585135339,-8.20195839080403,0.0008710372754452982
4.212139241241975,-9.916898459880361,-8.463069084100608,0.0008929277222398673
4.196137209320716,-9.92432102012856,-8.390322850203711,0.0009682963372916366
4.120968191019197,-9.903297323569472,-8.309429473720972,0.001106064979551791
4.029876996847678,-9.921532114273246,-8.118823196559468,0.0009788658533460468
4.194934415480024,-9.900867163221191,-8.437918800197934,0.001034813948710123
4.121479940945954,-9.890479686088632,-8.287846020599218,0.001313641435552143
3.8569425045299175,-9.89755547549509,-7.815259465864805,0.0010455814297561847
4.010690035865654,-9.923349354190714,-8.05893442361813,0.0009311234362390782
4.177371140563074,-9.9265783402651,-8.473178164564532,0.0008475101689735246
4.195492546670406,-9.927706349435867,-8.412543866365855,0.0008616072610681615
4.101733197425458,-9.940751559119189,-8.274502412725317,0.0009116607055305529
4.121942560986601,-9.901646710398154,-8.259392027373261,0.00116378291548446
4.094686993592273,-9.93380323994145,-8.198575077385614,0.0009482723850403902
4.0536943334275035,-9.888174119567097,-8.192844603791153,0.0008326002763738297
4.0388439117716315,-9.899790102510035,-8.1490755352154,0.0009938918639782197
4.077980482778727,-9.892088999259995,-8.219575348715386,0.0010250083520245003
4.1119655334096965,-9.91842799039775,-8.248408747468796,0.0008468898892874602
4.241746838144942,-9.93118480780245,-8.587456838016378,0.0008707604583974507
4.080584875513328,-9.914147189793253,-8.24127783533097,0.0010191741362662364
3.9295796771472054,-9.900111330509201,-7.964984676607175,0.0010138672779395031
4.101079216133073,-9.888707292647835,-8.259955241946852,0.001175043238433947
3.999839910752689,-9.903661100734743,-8.03326145696049,0.001497545964314158
4.189654029602913,-9.916584943859277,-8.496164515589404,0.000929282360775504
3.971825779627514,-9.892106002133454,-7.951826238213588,0.0014148378974010122
4.056996720084392,-9.897774804469355,-8.12130871441299,0.0012893632861352622
3.953072983856206,-9.896637498995043,-8.047241228702884,0.0008433037872012214
4.007524523507191,-9.923262246742537,-8.029414929479165,0.0009269332091843202
4.165109627280994,-9.9400404642323,-8.341514739094896,0.0009689475353973119
4.1312207568204355,-9.937996860501263,-8.292758421508536,0.000839033390998292
4.230302475300797,-9.932355248307502,-8.547950747922922,0.0008228207186576145
4.135464736116441,-9.900614399178295,-8.275365102800704,0.0010637944050401681
4.096941639603496,-9.937618690675889,-8.296068076639536,0.0009252808307975987
4.0409052734766915,-9.888218943996813,-8.189769915069075,0.0007728205800329792
3.977738029209106,-9.889299135178765,-8.046214850736376,0.0006944425546870358
3.9351468722668876,-9.89614248327281,-7.9957447293854225,0.0008958438414625866
4.092260093712038,-9.902747691580961,-8.328505372080238,0.0009958882893654224
4.158212950434869,-9.91242611572437,-8.45173801520421,0.0009205981918726472
4.032775755066188,-9.892899754205203,-8.197883927494384,0.0008301999574756298
4.191175763004639,-9.920893534842298,-8.406401201007055,0.0008681689344603628
3.9936149038069764,-9.906363695418321,-8.015659341378061,0.0014121357282810977
3.917840615195613,-9.910533336739057,-7.95220932955423,0.0013578484751931418
4.146509245801048,-9.919575009952249,-8.315326206709024,0.0008361598929127773
4.144931253032192,-9.912049266386871,-8.275385148753237,0.0011954408880977807
3.9368240477477086,-9.900650540805978,-7.979737419635805,0.0010120143642540658
3.9651221496518407,-9.901792294814214,-7.95297651121725,0.0014911083298704423
4.0846640863482735,-9.936814416499999,-8.21341892159825,0.0008465123838537344
4.199010979008203,-9.93778384992294,-8.47854415335398,0.0008873651995320987
3.9191463336920958,-9.886831701578052,-7.94286511358246,0.0007048285746533038
3.9007768526279234,-9.907417586054654,-7.886653011160331,0.0010911503747093314
4.2207711880814305,-9.928968931045208,-8.451976447103814,0.0009528903724058536
4.200073182265966,-9.927372596169866,-8.444645774408153,0.0008359887561392711
4.0530820542932275,-9.896084192668171,-8.20462704441282,0.0008539120127839466
4.060080198347543,-9.904264006729273,-8.183074177723269,0.001076955367125362
3.9602695393465193,-9.914760239549818,-7.941218444785858,0.0009934594019332934
3.8620490284306417,-9.89387299723417,-7.777671106092062,0.0009113134697979108
4.13746807838455,-9.92175545779499,-8.343138014060841,0.0008979962549799897
4.240138656735399,-9.93078660085863,-8.472335763209946,0.001016029807356645
4.165803290951284,-9.935978911658525,-8.43568420801788,0.0009631802757812313
4.024623897625566,-9.88829088019841,-8.11493939639418,0.0008415140571279323
4.075760422302467,-9.92182787702459,-8.151547793064996,0.0010643309411638169
4.064834447350523,-9.935465159482394,-8.188332220881383,0.0008992741440679449
3.9534757544542045,-9.891123028288444,-7.973279881629808,0.0010430254026510682
4.249091947606692,-9.942917273591501,-8.515891495155726,0.0011602360018237766
3.8510131629841706,-9.882417757843402,-7.7855621780355575,0.001005195206609886
4.147364421975683,-9.932068262314733,-8.391396407491323,0.0009260105660138947
4.188210648366321,-9.915663037040979,-8.468219198819714,0.0010765439856831186
4.212221072783773,-9.930028106286578,-8.489776613018046,0.0008828786181977893
4.15123001704828,-9.902027901028765,-8.383729125363597,0.001019522046940231
4.141110417300525,-9.91046647797718,-8.359720932644608,0.0011044451493203782
3.89612386910995,-9.881075658950406,-7.847206649512101,0.001228409219327034
4.1543841259526415,-9.902574867522937,-8.366084452786136,0.0010979914525777053
4.147178749683876,-9.924967030971908,-8.430393115362884,0.0010131945333438518
4.128332023432711,-9.89727451238325,-8.344177104510038,0.0009653722820861763
3.893936907449198,-9.877893949725564,-7.849345044372112,0.0011108646382471197
3.906398612981004,-9.900603721892338,-7.943291010682135,0.0012098906577295099
3.9065533313494387,-9.89105959942573,-7.90618291719814,0.00084640006592764
4.242870460238212,-9.933964371096323,-8.574780208533902,0.0008253102583044262
4.296431773130596,-9.918857929313601,-8.665393130456753,0.0010695222264360295
4.013086400702182,-9.910149859727792,-8.087593965905306,0.001042667743335666
3.989649998861515,-9.89228550041345,-8.081337439804301,0.0007261523528750979
4.198069684139965,-9.908210026487112,-8.4541342497148,0.0009394554322756031
4.020141976527375,-9.92904230971784,-8.09686541538968,0.0009268781044030097
3.933758158380676,-9.89145299474651,-8.012619094798426,0.0007349377388236252
3.9989867075666186,-9.882945334493941,-8.085348488805577,0.0007393481158199628
3.9310036927150747,-9.888143939140729,-7.95545681504753,0.0007307197867080997
3.944689165749836,-9.891673476823517,-7.992665408935564,0.0007355267224770538
4.246171573749616,-9.933063598235021,-8.585154655446544,0.0008464165656372588
4.0926765261445235,-9.92749325207765,-8.218789865526679,0.0008327880673635339
3.9800516241828556,-9.879134542800346,-8.00784556551823,0.0007897139235598088
4.16316040575407,-9.911754120131086,-8.372518387356314,0.000995323251225792
4.042575348629632,-9.901711938605803,-8.194946585508609,0.0009914671033487525
4.152748484769722,-9.927840862150246,-8.436916251957257,0.0010642901114371786
3.984723082287134,-9.90558822377584,-8.08867865763804,0.001073239067584136
3.970856201042499,-9.919103096391375,-8.060660702542696,0.0014354819061227365
4.067505051414388,-9.906673183487193,-8.234651923601202,0.0010699613951662896
4.077461438715668,-9.931766180076691,-8.20455446713001,0.0008423837235678236
4.150311810256549,-9.944286166764096,-8.344307142940343,0.0009716136448074057
4.057063743842015,-9.901884858695572,-8.172740484647974,0.0011021466466305057
4.082384750231023,-9.906055465575719,-8.255510219345048,0.0011220369591287247
4.1361452335717575,-9.91965788343868,-8.372824814709546,0.0008630533431408735
4.049050370159397,-9.903538940084395,-8.214247956425478,0.0010144555350560644
4.184235076830905,-9.899170473483284,-8.421263753594715,0.0010695017683083402
4.010991633898143,-9.888302131316106,-8.11189501812448,0.0007144661857348156
4.182818904418147,-9.940637968425106,-8.456601567323327,0.000943194659128282
4.12669575591233,-9.92478014718127,-8.399750329421057,0.001189898769844939
4.243851925023248,-9.915591918374622,-8.571996411243068,0.0011979198260792003
4.031865433327711,-9.910094504781718,-8.104778731327084,0.001127028218187084
4.2346154919468795,-9.933031221846575,-8.493333433267658,0.0009730803349198649
4.219455689223363,-9.919006975934138,-8.444185647780886,0.0009181721751082723
4.231001006809709,-9.927939348102786,-8.534198901604713,0.0009191787956210525
3.9245477091461933,-9.889338831096218,-7.925581295265537,0.0009328836360793055
4.111461540547996,-9.900502210982848,-8.244256813837847,0.0011932622084044613
4.061478789905572,-9.892758811430147,-8.217661738621498,0.0008175248750860168
4.003615668954601,-9.88745453850117,-8.045199746709049,0.001012994567145575
3.9314346658748143,-9.903312271480981,-7.938058408551315,0.0010584717687116883
4.127413082804675,-9.897987041177451,-8.345817667774018,0.0009572888441675802
3.9607124256303234,-9.913931155634723,-7.978523931151008,0.001088795750555832
3.9356488365002815,-9.912533568148234,-7.927138100596754,0.0010776368374120892
3.983335986871133,-9.893493053682338,-8.054730649079312,0.0007620420302266234
4.058577345133784,-9.92126087091831,-8.137043393380825,0.0010032091188999406
3.8704760439996155,-9.899182624523096,-7.82092256099768,0.0009767868891567516
4.018288996838131,-9.910327479652992,-8.126402538673773,0.0010185074102281137
4.1054507590863825,-9.914908237501383,-8.255703218712004,0.0008313064753804018
3.9568967919382407,-9.895501048297886,-8.064550330423417,0.0007856667411044713
4.251264793219027,-9.929351624738185,-8.598567611584677,0.0009680445505482947
3.9732071884253033,-9.904585513200999,-8.091004908032128,0.0010396195912588469
3.9999702360168214,-9.898731650456726,-8.047693924650117,0.0013660159844677514
4.035229528667184,-9.914861197827939,-8.15989120948836,0.0010442146291177702
3.922534355102847,-9.901081743177755,-7.946226225989166,0.0010443629767381492
4.140476335704185,-9.916329290660867,-8.413328382846673,0.0008322955298806366
3.9766041531461327,-9.894430783225038,-8.033935340902119,0.0008381587409770074
4.121275539751411,-9.936791843475223,-8.306723509253054,0.0009751765558463294
4.129435650468171,-9.918552585145942,-8.31243450821702,0.0008155840199806198
4.084409952426181,-9.926455480856792,-8.206827548008954,0.0008406261617071673
4.126990900083515,-9.892098398797893,-8.354492883464246,0.0009582629616152985
4.272856954996266,-9.922370284562072,-8.559902325465659,0.0008704753248529571
4.098957274690264,-9.897152151536929,-8.286955670116981,0.000932864659713311
3.923107016735834,-9.894823037931252,-7.968759207465516,0.0008796289712415735
3.9789851778903818,-9.905940363416681,-7.999568123460315,0.001287363114304151
4.132639666481978,-9.899731673961174,-8.322195584449098,0.0011593103886750134
4.138511363442122,-9.938718704647451,-8.340826841419092,0.0010020362260888317
4.295541327230604,-9.936058925818909,-8.64958735090964,0.0009512355028827618
4.284147845036459,-9.927529535586997,-8.619820687128732,0.0008621328608589172
4.225425700676737,-9.907978484511188,-8.50558951437768,0.0008700507991337925
3.980140054982986,-9.898334885137823,-8.074541818402531,0.0008840661726214726
3.956102708600109,-9.88677241241704,-8.038420454949113,0.0007337239323808478
4.268644194627823,-9.930910764871713,-8.562129219677663,0.0009303871862772645
3.9887313940039477,-9.914028235406521,-8.009036515667695,0.0011085242160677247
4.085310355978496,-9.932562446948495,-8.199990467757335,0.0008247855454500819
4.093340907248651,-9.902845724591677,-8.291169222684582,0.0010212759283901604
4.310193413652431,-9.936102051614602,-8.680003533661193,0.0009681032417954408
4.115005021742064,-9.914555800984274,-8.278233101429954,0.0008487936431966799
4.11622547343451,-9.898318127470665,-8.23655168160321,0.0010859209808410045
4.106773142723331,-9.913181837575417,-8.20332154480268,0.001148988443616101
4.1733095410221415,-9.910325904559661,-8.378148683420648,0.0010470803335148665
4.099613704373636,-9.929475557156348,-8.260334772482931,0.0009405399135010442
4.0252760757478665,-9.883515455863964,-8.090103772520878,0.0009110764504631347
4.1736976827408485,-9.921717772041868,-8.376630305829618,0.0008101850970752101
4.301417728311305,-9.925386887689928,-8.650325606822667,0.0008234135961936417
3.957976664600454,-9.90809041011648,-8.018291769254079,0.0011418169561568205
4.232300157488601,-9.927918219954844,-8.45199214383973,0.0010002829806115003
4.2098123987276885,-9.945709546295566,-8.478564298680666,0.0010988371941091154
3.9376984721951978,-9.881688802001065,-7.953294308213237,0.0007799185468364748
4.127099643764956,-9.911937848413704,-8.331416402673076,0.0011058091128013942
4.0428385974320955,-9.887802368698836,-8.199824307839085,0.0007834914466245697
4.011586248125875,-9.921103954298003,-8.101757970072532,0.0011216620269983385
4.023706386643721,-9.887242410440143,-8.139000718724239,0.000745489347340073
4.222755554266796,-9.908616546637784,-8.492693645672366,0.0008760042432683456
3.99527240502723,-9.884500368807704,-8.08533575262789,0.0007146952371896374
4.23583656030171,-9.937830093207907,-8.584752854973118,0.000935231630572581
4.236671948309173,-9.932707368766312,-8.532503733663749,0.000911176408567687
4.082824015746499,-9.889844267956212,-8.255105544122157,0.0008917209520172588
4.08238038082239,-9.926438330282465,-8.207502086616707,0.0008460088584268346
4.044287945070817,-9.913275547978774,-8.138977248016673,0.0009762559479902476
4.271076147000188,-9.927092582642919,-8.538899564294596,0.0009377420962971493
4.145592445423749,-9.944112406498174,-8.39451354775507,0.0008894490456551412
4.148327779870754,-9.912163187129703,-8.337794320581445,0.0009658419843999568
4.073591148061066,-9.91705684005698,-8.229201637696947,0.000995656978678985
4.176969054009043,-9.905391422264547,-8.41794886904168,0.0010019280324570943
4.168521849784789,-9.913668915187989,-8.441872259705532,0.0009903588975064606
4.0249823721932145,-9.914831959636839,-8.11708469894169,0.0010142329668385041
4.0243541482879115,-9.930731849775762,-8.111119275755861,0.0009553648686759106
4.206443137401177,-9.910134181789177,-8.427189009357816,0.0009520583277101121
4.22624860795923,-9.933268769975626,-8.511422461860823,0.0009123534543377403
4.130101212144552,-9.897540521034228,-8.275111594763741,0.0010766377107475037
4.236291830867791,-9.914241180638134,-8.545414222649026,0.0010147617658330436
3.9719625858789813,-9.892087350225031,-8.053847151046455,0.0007354076780208444
4.205137193418258,-9.943863867140355,-8.473174896176053,0.0010666855887192831
4.161570584830197,-9.926834853569462,-8.326985865526765,0.000945410798162929
4.001594308359805,-9.918277573172807,-8.075062244226139,0.0010892257765859877
3.8937076018844534,-9.882812266849324,-7.914232771632661,0.0007391647825959961
4.163658495241347,-9.909777813988653,-8.363836658073685,0.0010569092263902496
4.194039105187608,-9.902005808067594,-8.463150460118316,0.0009750386922667844
3.96954734749392,-9.902411011104812,-8.061886513833837,0.001029517007290586
4.124837474625876,-9.92673011996527,-8.312433538532641,0.0008998858483852827
4.071812249537048,-9.924245636477693,-8.196716762187227,0.0008927703635718752
4.083831052201832,-9.902242674062164,-8.219929402845407,0.0011425432125248569
4.1033421281247096,-9.930001421849113,-8.297316085040249,0.0010461998271974902
4.315212497763127,-9.939607567791267,-8.666103909757812,0.0010367943772916178
3.9872677476692053,-9.89442786984697,-7.994180884511346,0.0015298327127680675
4.233331634827845,-9.914325929091122,-8.49969284289158,0.00086708593857873
4.130548578435669,-9.933746978225763,-8.353157792260193,0.000987625896305206
4.073164524940663,-9.928488280328455,-8.18364413300014,0.0008364831733552527
4.312966235986808,-9.931942115240252,-8.71656630485157,0.0012467272387344443
3.946744663174071,-9.882583982702554,-7.994645699900315,0.0006978015457954339
4.0841420042405625,-9.904019023244526,-8.298701155456207,0.0009685143369918126
4.240791184073664,-9.934884734215128,-8.57410181918656,0.0008125100412804268
4.256268820546675,-9.93355080607521,-8.503447782953774,0.0010343815216761045
4.195450922506985,-9.941522582336411,-8.461576701660746,0.001006596151922633
4.103391193023535,-9.920036852098194,-8.309606497919885,0.0009148061987959357
3.9089362416044335,-9.906086216238183,-7.902103304714546,0.0010803918561332014
3.9298717807519807,-9.887886495909571,-7.930356038606593,0.0009968483645620592
4.015618469108282,-9.913035981920224,-8.144072513014626,0.0011278607212346656
4.257706155072404,-9.916238816981283,-8.59179506265379,0.0010890928537755464
4.076006835639811,-9.914887973495599,-8.173757811758579,0.0010203627006607288
4.307002025448326,-9.929528410073987,-8.652078728525348,0.0008426370282713827
4.220728249216223,-9.93737512244852,-8.49452052709904,0.0009922173731535117
4.082534965503164,-9.914343072524838,-8.193211845175583,0.0009527130129415094
4.039578959114703,-9.88621979850885,-8.15300922950782,0.0008366053208263881
4.11679990173674,-9.9070250106775,-8.33715880400741,0.0010438829269658427
3.8951782219765434,-9.887245937040143,-7.8323443986264145,0.0012922393577178967
3.903737350467354,-9.89985370962031,-7.925917213057704,0.0011225815337720288
3.9595663018711234,-9.892268608976272,-8.016773003818678,0.0007333900937761027
3.8772706993277226,-9.889196972738617,-7.862875962524686,0.0008463271556934365
4.155184182384017,-9.936801329751903,-8.327091436779481,0.0009056791261751847
3.9636746202685025,-9.914869121915173,-7.970115584905229,0.001046911354744004
4.273641578186322,-9.946451994722576,-8.579062551334882,0.001279662898659259
4.078848564341348,-9.899982969924523,-8.15661648761012,0.0012968165631603178
4.336716585608009,-9.938879689974923,-8.749935367332343,0.0010829739969795901
4.107119791639128,-9.910544581857545,-8.341618580939635,0.0008878953969977301
4.1749481093811935,-9.936330010364907,-8.45099088181739,0.0009292607151925441
3.968519144080815,-9.905179103844624,-8.029151900955638,0.0010276990030541476
3.9833018452447027,-9.918834998195758,-8.048032709868215,0.0011736782708113482
4.115892828934033,-9.914786660340097,-8.255284060659958,0.0009200879848297313
4.162632375738073,-9.912036058003935,-8.31509976158194,0.0011485798973824158
3.9556513695701465,-9.892740393943715,-8.018473298880739,0.0007463021986511434
4.155396486930601,-9.92244010872717,-8.342493703228776,0.0007676477957530357
4.26590411650417,-9.930073363011417,-8.649187392777808,0.0009853676660395488
4.1362277334049775,-9.929950221351964,-8.307275671951363,0.0008048324660904887
4.025386837261319,-9.930358276637032,-8.108347588767955,0.0009273415608135016
4.060868224682861,-9.901060749622484,-8.191576041833496,0.001048000325063112
4.01120632345189,-9.905528450324544,-8.07656312580519,0.0011381760752878203
3.9914688469278583,-9.887563018442354,-8.063023622165332,0.0007205480746923384
4.082325812027793,-9.922038318401398,-8.250947914135322,0.0010170938498665827
4.126930471563097,-9.919843144727977,-8.323091405068382,0.0009184704027121845
4.057508017423425,-9.903281503231828,-8.226461665661764,0.0010216299538099716
4.115420239859359,-9.932163052014555,-8.369614238327541,0.0013800775821508696
4.149817958738973,-9.901644139657582,-8.333013395447082,0.0011911656726251159
3.99439011502092,-9.891200042817557,-8.003973186382371,0.0012139838673483083
3.9830794107541063,-9.923047004225724,-8.087957407538418,0.0014033574675698457
4.03133393583727,-9.894543854909902,-8.066682048748625,0.0012393988785318836
4.208521589229001,-9.923392372730119,-8.41359634768528,0.0009674559299464704
4.072616291369984,-9.921280042655534,-8.176411527236677,0.0009018095784244743
4.0663570623168,-9.929566632015916,-8.173905213607807,0.0008304794394797907
4.0140581531852275,-9.911258940507686,-8.049293580669502,0.0012635500657823175
4.04074458181834,-9.92370557011744,-8.093041376890588,0.0009792906204466668
4.31935180537555,-9.931990547046526,-8.661460383775673,0.0009122312133644655
4.251601654751484,-9.93511152422369,-8.583957953646147,0.0008428780714040328
4.22320575700869,-9.91352620599919,-8.549135057107355,0.0012352307145832395
4.110974494667944,-9.90829188567636,-8.349151659309108,0.000921085992254561
4.151926458352959,-9.927346471863489,-8.325649979418454,0.0008100479903116015
4.303753356111645,-9.930669526230288,-8.638736595421099,0.0008703290224904474
4.102220254220751,-9.922792723583719,-8.239254917533811,0.0008003394208529553
4.11762392881136,-9.89193657271097,-8.269675215260419,0.0012722306784461535
3.994513113766947,-9.91005449344346,-8.036457392628702,0.001162563323959716
4.171669404541435,-9.903565793568626,-8.364311824346405,0.001065539923643486
4.015718399317466,-9.895619836377563,-8.161708067283929,0.0008714277649101685
4.067440988592806,-9.916581979624695,-8.15247000346226,0.0010535933791471727
4.089025064361788,-9.909546623673652,-8.246067912534158,0.00106313397032708
3.876083363792271,-9.879664992626473,-7.829321330108614,0.0010462411289379639
4.200900799958397,-9.93747143705047,-8.512429971713889,0.0009797623672183244
4.305763399758213,-9.924395477192661,-8.691043872313786,0.0012408439192256948
4.226046922248894,-9.913722368429935,-8.487097063801244,0.0008811898652947104
4.236319154426864,-9.915247252684102,-8.513048583240213,0.0008392027831382026
3.8736176900134747,-9.887789176332797,-7.840328727034204,0.000883097008970963
4.0281941744672185,-9.896022056786428,-8.071577838779417,0.001366847416173467
4.199293704249566,-9.92431873439244,-8.434008198251908,0.0008291359945384514
4.183017929013207,-9.906514938890867,-8.468929218520733,0.0011015329650760188
3.954655238576264,-9.916720098063989,-8.014174019341022,0.0013083206998697509
4.228165159275445,-9.947663512342912,-8.552264136346128,0.0010498493513627133
4.096462942824733,-9.916941481303594,-8.297876660067665,0.0009182670767068572
4.187411769811715,-9.930527354399976,-8.367729685759258,0.0010466448145883835
3.958228544877966,-9.900110952315432,-8.037031401742771,0.0009770483952773227
4.109542055110517,-9.89936061719096,-8.31420137099732,0.0009560332756813519
4.174785729004318,-9.912650281216843,-8.472804914778092,0.0009552014471880917
4.050095535506353,-9.88738022621369,-8.221054300750199,0.0008183708895431306
4.199149002830045,-9.90189577845964,-8.467095339104084,0.0009623469591303491
3.9645282937160706,-9.920416235491599,-7.989672487030588,0.001063505227444614
4.10368761822541,-9.922203226865088,-8.312725863812775,0.000934080527085981
4.2270206967696415,-9.91635020781481,-8.536413896587936,0.001155150591279333
4.137237626378891,-9.922562682404472,-8.344395939421014,0.0009035346440326869
4.15607704651298,-9.932096538300486,-8.352771866470368,0.0008466563099001327
4.246253391449583,-9.94006999472398,-8.567531312545933,0.0008675628851680792
4.1268365768652515,-9.926778930877404,-8.346413705202638,0.0009282371438762032
3.8464120901309866,-9.881301234757291,-7.792380884175778,0.0008927576809211902
4.269438000306534,-9.922135295167799,-8.5976968880902,0.0008888158239115733
3.9110354229165707,-9.896382650356648,-7.9207509273895615,0.0009506455344655622
4.157605448166396,-9.908255596778174,-8.338155620286805,0.001106223536028216
3.929707523129673,-9.89277026790384,-7.923673422148596,0.0011161515398362622
4.168093306926687,-9.911573659377543,-8.4218110330574,0.0010869068121069417
4.232336659464928,-9.915833288585663,-8.485583549200848,0.0008913611923944025
4.193616688728305,-9.92581569016366,-8.516415418670595,0.0008765076613495063
4.027782590585835,-9.905294468261324,-8.101138854035538,0.0012084783416286666
3.9234797379525284,-9.88979480121277,-7.925071238789418,0.0009181813724709114
4.033705214315945,-9.918739959019613,-8.181068953619967,0.0012074662171125932
4.075223953684233,-9.89374338961333,-8.276998645299313,0.0008760100889950113
4.286535256396496,-9.929472918185915,-8.65025429009778,0.0010997487161198707
4.297880149896597,-9.948564214772139,-8.663538309020845,0.001031627378636056
4.113802380751092,-9.926678934550777,-8.23943384433712,0.000928741556731269
4.178761244871892,-9.912924312098484,-8.411731345587805,0.0009705855610909593
4.062603171522703,-9.919435033024303,-8.270183824085604,0.0011910978964224217
4.0985326343013435,-9.907773719219165,-8.329479095251635,0.0009308129331230472
4.296272368221134,-9.941793629508972,-8.6140280735469,0.0011542266018318827
4.11029291709269,-9.890616313219867,-8.26962988981408,0.001269181302163148
4.157735567689348,-9.929552048615191,-8.433199755363669,0.0009672847400628088
4.09302836173025,-9.896548818088867,-8.282298639472927,0.000897480849494999
4.15125524504958,-9.89769972529145,-8.400878482574779,0.000971993744540995
4.010455487023591,-9.920740873506384,-8.031896687234054,0.0009603434846044676
4.052984028351877,-9.887208793936171,-8.136840701186719,0.0010152677804212992
4.1655114148905374,-9.90335811574705,-8.452374472466136,0.0010598521225586447
4.1622639755987425,-9.9046987316723,-8.450252574482482,0.0010603307873312364
4.066362979156169,-9.908492881815633,-8.209526448569521,0.0010696078161719156
4.352829579599927,-9.93637560358196,-8.751876728952693,0.0009808817482009392
4.1901811180939355,-9.902688818029564,-8.48141343872086,0.00103782966382995
3.9337454265332683,-9.876592173823298,-7.972064300436743,0.0008181562436220655
4.1169966521258425,-9.925465486003937,-8.350704062747157,0.000985396411109031
4.243130292695385,-9.910427668562727,-8.56145460045749,0.0009834306834929519
4.307715141885989,-9.92761256040389,-8.625716019934558,0.0009358880205379358
4.037831913717001,-9.922400602916058,-8.162966226304704,0.0011489021202458767
4.209172374853425,-9.931252879695494,-8.452002699121174,0.000884807248040209
4.076072243357862,-9.92762421251904,-8.172146825778597,0.0009112291646919309
4.0060019408336265,-9.905457466337337,-8.10729660343111,0.0009752656505293372
3.9672590927783755,-9.919071161562435,-7.976414693573277,0.0009968293786658561
4.162732048758711,-9.925264198293567,-8.406742130240511,0.0008816776891977541
3.914904214838477,-9.906266258013744,-7.95256323186819,0.0013476547255625924
4.122050733694929,-9.9299607451374,-8.34834124869632,0.0010027120438790209
4.127521862225042,-9.902139499825841,-8.27211372375748,0.0011601646366051718
4.0746737947722425,-9.920610136719793,-8.256415363139414,0.001027347626082528
4.309259267037935,-9.935012059136282,-8.629441403801055,0.0009751051908712372
3.8911061795060604,-9.90409076337457,-7.8757228092991,0.0010699765522320208
4.018255976475295,-9.89387040077293,-8.130980482885938,0.0007676245320757711
4.2366989719918795,-9.919502664698257,-8.524831043434665,0.0008600742048972237
4.261867974744902,-9.926407902245355,-8.558447821833205,0.0008566109512948164
4.180819459811747,-9.943529553229352,-8.39963245723107,0.0010273281776929342
4.271823782846415,-9.920461621861168,-8.59261883077686,0.0008078162252255684
4.074007055140775,-9.922493466864111,-8.151065861153326,0.0010529561989710368
3.9920058557403033,-9.902839776872465,-8.016025397927576,0.0015374496272537366
4.091632315175828,-9.940076012073396,-8.264306993913936,0.0008878436520060029
3.922901088282774,-9.904656915066605,-7.902409618033548,0.0010462607383875892
3.9370332876224285,-9.881753680741971,-7.906249094020025,0.0009480239414221531
4.016072069291013,-9.90658776299847,-8.118247664183691,0.0009874413377574673
4.177429815538217,-9.923900377993053,-8.437838610652069,0.0008884471487333666
4.215580373877183,-9.909517991054964,-8.439000226448028,0.0009082680964442584
3.9796473431113073,-9.919897447190904,-8.029384118794718,0.0011046075157653374
4.050769012424661,-9.923349926754906,-8.133116628061309,0.0009280447259502548
4.030312776924914,-9.8989584004947,-8.144999074507023,0.0009092108319196073
3.9428141329887905,-9.889823430381432,-7.911184587919914,0.0013917035120494501
4.030794291768228,-9.928998218169633,-8.0899137494684,0.0008938233608021018
4.14397649003593,-9.908661688648827,-8.398460408262354,0.001003828458063541
4.103976388444047,-9.919867485923342,-8.287823641835212,0.0009661956583639675
4.163075580833371,-9.92082108778637,-8.337330547515162,0.0009102568668680112
4.107807671188798,-9.897020019965932,-8.294087092860163,0.0009920730161790078
4.036359702845548,-9.890754847762844,-8.11059018220573,0.0010922004606866522
4.263358001417033,-9.941594605782326,-8.578427448521714,0.0010786294321333354
4.081295574336177,-9.915322276992264,-8.157064674885135,0.0011098457362135985
3.933896199895386,-9.879239601070529,-7.929106118949344,0.0008890817457959613
4.044920738939451,-9.924516025709764,-8.152763750555483,0.0009645565907533188
3.9877716739300517,-9.924039095636918,-8.015470684615535,0.0009495633652670433
4.019749089740686,-9.92350731733332,-8.125196845732443,0.0011694490464795918
3.941396626836174,-9.888808353348303,-7.91879782258013,0.0013730958389030648
4.100409469400482,-9.925277961177722,-8.203918702726593,0.0010295553440881552
3.9108448042695203,-9.891351860744715,-7.867821267322776,0.0012689644201823174
4.276632118051075,-9.915204764793739,-8.601970678184506,0.0008066800911628862
4.01285929114281,-9.89742308663403,-8.150645439312353,0.0009049728692842756
4.240367827288059,-9.932730200997575,-8.56850208228451,0.000838587626654122
4.101187401151587,-9.92082287144619,-8.215784275171757,0.0009429745184784773
4.044706832496207,-9.926455194549082,-8.151127144272815,0.0009400180609277152
3.8826106566689282,-9.899420162733795,-7.8840170879221505,0.0011645848470691104
4.038649410629545,-9.889567263217106,-8.212264055622676,0.0008251263077053465
4.197900652484717,-9.942196463845434,-8.46001840139243,0.001049964020558204
3.853058705455106,-9.887791869777528,-7.78808723668533,0.0009643802569620619
3.8968149446118048,-9.895267396272235,-7.862636350244224,0.0009933791252138746
4.169504699045875,-9.931962152746213,-8.329518605936611,0.0011309973267096473
4.146243983757999,-9.909941820907598,-8.397156528823807,0.0010186427278718
4.251602981095789,-9.927963616073137,-8.520741355020663,0.0009192386529822492
4.085155597629561,-9.898422749671793,-8.198185357131013,0.001225183356966342
4.141603235974015,-9.932261792942223,-8.376400880697526,0.0009462596241626958
4.162395797651713,-9.928735941383017,-8.447336280114603,0.0009727701738786707
4.340885825825129,-9.934635386305219,-8.736689255951347,0.0009903502144909325
4.15758103245002,-9.926481383705593,-8.33933623649305,0.0007953960848972146
4.043649103282572,-9.91298623570436,-8.15070558127596,0.0009694505026993208
4.287069258033637,-9.942896479362688,-8.593618777042375,0.0011935934054792922
4.117110074743489,-9.917197701412903,-8.319768031575743,0.0009918758505783217
4.224365630365683,-9.928648947118488,-8.45424021476456,0.0009688869423009374
3.979286293203273,-9.888774798396883,-8.084217274918027,0.000748721096312298
4.300658329286651,-9.925181894933113,-8.696001945234725,0.0013845884566571808
4.0052360171708825,-9.88226889523218,-8.120547119162943,0.0007894987130499224
4.224394424737647,-9.938193675630828,-8.539497304614969,0.0008251301109815214
4.277773844049901,-9.938861254564678,-8.587074333333666,0.0011023880924044692
4.279353508146628,-9.920003458962281,-8.65227038656647,0.0013514844784709905
4.067348766991465,-9.901190694235517,-8.270177988533055,0.0009618650525990347
4.266302992882884,-9.946996582582965,-8.625559343746703,0.0009841979228931176
3.970694626735972,-9.879305738973114,-8.018346113294196,0.0007347628765570253
4.123496910959958,-9.892610794366155,-8.351677297883871,0.0009452267783034858
3.975572468432648,-9.917442546084244,-7.986891549159092,0.0010060595338279785
4.120008019575689,-9.918775211708365,-8.272381094181942,0.0007874509139334991
3.975173461830279,-9.90729100806613,-8.002727159654773,0.0011667632858557379
4.184330591629811,-9.904568585300447,-8.421735862704852,0.0010069093690616422
3.951527144481764,-9.890598682140052,-7.994234608175784,0.0007372731483216075
4.0642427232891425,-9.909273271703839,-8.178103682348425,0.0009930683392058597
4.2790844360367,-9.93462362740281,-8.572907368082383,0.0010087390410551326
4.117890627891395,-9.905983332979178,-8.2882518582869,0.0011126769784600876
4.121444229504811,-9.943526102705478,-8.287927865286251,0.0009481703152375706
4.130287637748619,-9.938381195178815,-8.385741311727276,0.0011589814910445099
4.272446168500814,-9.946526752055524,-8.635966654843667,0.0009545175637277089
4.231089764284592,-9.936255900953062,-8.561793301622087,0.0008236836039907252
4.204312562803747,-9.931632063839325,-8.481397149439031,0.0008618398659806905
4.224140752092983,-9.92124922176491,-8.441708675373087,0.0009497688223860597
3.846027213669325,-9.888080807098058,-7.762796891185813,0.0009560113608486073
3.9136044938424126,-9.881709043766971,-7.941543498402458,0.0007311713563097118
4.167311730070103,-9.93948610356108,-8.382887345026584,0.0010144657314378877
4.151627414984161,-9.930845624138506,-8.430515124109863,0.0011441590719137248
3.979157532772196,-9.921893369652093,-8.036034550107159,0.001157399287503522
4.016790936211656,-9.914672553153395,-8.089026659884007,0.001040517767991158
4.171551835733347,-9.927085769535362,-8.327291681136678,0.001077185170349716
4.1134049685847,-9.91312522788506,-8.211136543039952,0.0011570854207462542
4.13775711938324,-9.92284246410287,-8.418793095202469,0.001038699807541476
4.200011853567759,-9.923761613266272,-8.489619514112228,0.0009085941301714547
4.015069928355181,-9.903288147954907,-8.082772539961484,0.00118763854493035
4.022039196710054,-9.904579529467926,-8.14427361167315,0.0009789288933116794
4.154620474182339,-9.92976743782924,-8.325975782948154,0.0008565335104929594
4.053210270343843,-9.929090682181219,-8.192466883286235,0.001093471369476823
3.979130063181228,-9.897538933365071,-8.056782568638667,0.000831216355003205
4.183292844530752,-9.940798308646713,-8.434258074821392,0.0010321283575267142
4.174353477160497,-9.928683149255075,-8.464734716003937,0.0008823342151346692
4.185332261251798,-9.92607804337394,-8.366015833388536,0.0009857314772199553
4.212433262151925,-9.93167997611284,-8.54276788630075,0.0008890098748255077
4.051909927405635,-9.905281182741653,-8.1793280998901,0.0010529272804038234
4.110428806651339,-9.939152563852172,-8.303165993649106,0.0009059435724003274
4.064511153367049,-9.89751239552173,-8.225359738559309,0.000899721526657734
4.106912238745333,-9.920742172052785,-8.32811057946853,0.0009022031732188678
4.178728968105352,-9.936901089472432,-8.367259558899354,0.0009783684689887262
4.126056946659767,-9.928280656300037,-8.275497338330782,0.000825092756588355
4.299864000380343,-9.926872864135488,-8.67112122542301,0.001094568000374636
4.050133378889149,-9.919495674574623,-8.137306459104353,0.0009584774223539948
4.046444822375179,-9.930796454120008,-8.137456980135115,0.0008498617317932211
3.9969324659211405,-9.92264797490975,-8.091588103925387,0.0012778332804716007
4.009671436712649,-9.909187564359168,-8.138542551742995,0.0010780404738820963
4.059406415183412,-9.905383506660346,-8.10867736392417,0.0013848467107718933
3.996514276497838,-9.904698377771675,-8.147858835080898,0.0009990370441210587
4.2212842752112865,-9.926554296892155,-8.552639268709909,0.000871224370914081
4.069491310705381,-9.922147799026105,-8.21641754184646,0.0010185270201246237
4.098906350271541,-9.924936562187913,-8.188822722305787,0.001104374950618705
3.9523920233871364,-9.883158205277002,-7.970891318221811,0.0008645688255444322
4.0661407094017035,-9.896433290272247,-8.214251325840973,0.0009083177028171754
3.966796765022397,-9.91801322713142,-8.013665602779753,0.001181276674802383
4.070364071360623,-9.895766315638307,-8.203165517050646,0.0010303932942341669
3.8932110191640112,-9.881866129858546,-7.891784463771667,0.0007370743970483059
3.9681955681080363,-9.91140480524082,-8.067378362748622,0.001339827378385725
4.072311804273742,-9.894738595390995,-8.256515495823633,0.000845055683719241
4.125553893956812,-9.92068173909398,-8.334613962775013,0.0009442903673235238
4.119999436544066,-9.903849139100336,-8.234675376198316,0.0012481015874385775
4.293087663173805,-9.938901290769808,-8.603359033751834,0.0010720014039520228
4.040497162071512,-9.9341857947618,-8.162140031800828,0.0010007107527153767
4.110307538374668,-9.935097422443807,-8.33673677925231,0.0010924684747324856
3.9055534203708344,-9.884082176034978,-7.933035717815424,0.0007219896187481138
4.080944689757009,-9.893817567970816,-8.18202357723834,0.0011029737499443756
4.285495491413303,-9.933450788382459,-8.647331911395344,0.0009844640364378185
3.9636841566243453,-9.896718697646795,-8.055757132374138,0.0008726910861634262
4.10895919507816,-9.913839208801638,-8.264876299870417,0.0008583931645227922
4.11124270913009,-9.914642099733598,-8.261507019316689,0.0008393202818434469
4.2976521993378025,-9.935686036667958,-8.69052933606008,0.001009214686207622
4.0382816736802924,-9.898392918298969,-8.126923082790528,0.0011920565531688822
4.22436430942352,-9.923004316733524,-8.547644654724284,0.0010249250245742154
4.051594560845718,-9.92807889396981,-8.190184700659657,0.001117041050056211
3.976283018706987,-9.908424941565771,-7.988603084065206,0.0012352413690536533
4.14825478925479,-9.936717651678137,-8.329445626456703,0.0008685522407491433
4.0889375570351385,-9.934276918922365,-8.2891390399275,0.0010540308578051195
4.0779295710977745,-9.93846772365587,-8.1909103661285,0.0008927159131070979
4.113651598038129,-9.933365912687046,-8.234271506985747,0.0009762859959385997
4.065899312836085,-9.919571559559877,-8.187075509016926,0.0009016457017455555
3.950740199763441,-9.916865626350061,-8.027200848602954,0.00152496794146084
4.118735125583488,-9.915594097660522,-8.338405644371282,0.0009265132454329859
4.037792973526918,-9.917673082256238,-8.079279478090385,0.0010740954243094226
4.036813480440895,-9.924540839776785,-8.137102141707842,0.0009715988494298363
3.8809930260302705,-9.891037539126515,-7.881696345012043,0.0008876425237782043
4.161965421858215,-9.910700782128483,-8.4051210693487,0.001081472372029191
4.193372759070414,-9.936335951668314,-8.399084453852238,0.0009723997127581061
4.2097053915531575,-9.933751409507659,-8.46388481902846,0.0009258569604603683
4.3062276515061075,-9.930851107338674,-8.61628531150671,0.0009615179619349409
4.124538852335351,-9.943993372873711,-8.319605738129688,0.0009101648556119769
4.265949902375133,-9.940167725265816,-8.618823443863912,0.0008344075080560928
3.872709745696701,-9.887935755611412,-7.855175724256282,0.0008311729784217062
4.0317754241243815,-9.91176108958601,-8.200122194737693,0.0010593058400793142
3.95746141963729,-9.90639913342501,-8.052758988361465,0.0011951686195679405
3.944750926704601,-9.886714656920299,-7.930467979436176,0.0012594361030005576
3.93414347209554,-9.91816750911939,-7.933239580045869,0.001135777854204472
4.148452115655265,-9.92383173856949,-8.387264144695157,0.0008711197204470943
4.26122355489466,-9.933955502175818,-8.617516632629732,0.0008819376955931515
4.029903453855122,-9.886798382617835,-8.148443679120671,0.0007684568329422339
4.023043826439888,-9.903568314988116,-8.055640178261152,0.0015845623287251084
4.224017531020412,-9.909556861238029,-8.52643557736542,0.0010220248001018048
4.248946464330839,-9.934866317994508,-8.539560816032289,0.0009867017620661255
4.085616743684652,-9.899507734074028,-8.232444140152353,0.0011007812343479697
4.124186035051775,-9.909256279500715,-8.329268371400476,0.001135683870456116
4.012895028254398,-9.881937854447868,-8.120793873535156,0.0008058245843095528
3.930943425903343,-9.895401377587879,-7.994890540324393,0.0008703654411266267
3.8652610833296364,-9.899576636291634,-7.83680544120785,0.0010866365883015507
3.941185034666663,-9.902545478923509,-8.004750645724613,0.0011208183702046482
4.042029797855612,-9.899566079023884,-8.157729998755633,0.0009800280046968434
3.9441376984785657,-9.896543200892957,-8.000444825028907,0.0008706881046260649
3.8866729313538277,-9.895368098936103,-7.883495150126699,0.00099072747924952
4.1733372515397535,-9.906859249549843,-8.472897146027135,0.00106363469767933
4.007840318104819,-9.879634293803685,-8.107471288636123,0.0008408938671472841
3.958268756678799,-9.91035285159313,-7.93483098527051,0.0011008531530833075
4.119291281769635,-9.932611454282672,-8.30351461943624,0.0009878493584015823
4.115605587323907,-9.920046644046101,-8.26479364414787,0.0007772654517016365
4.004229507280062,-9.902855335578165,-8.069876972355766,0.0010998640905034256
4.192603477307639,-9.938149857466552,-8.442275813754627,0.0010182696833420314
3.928933902116335,-9.913489554501238,-7.972994161790684,0.0013765879764465032
4.157303695798676,-9.925665855050863,-8.394582962347872,0.0008888446755447021
3.9614092751902175,-9.91268501253148,-8.038063007613458,0.001331635701423312
4.191587719021973,-9.91546831250848,-8.515606323721425,0.0009514531744165759
4.021637397510044,-9.911524626515716,-8.186032056018217,0.0010965316644937616
4.139319331847147,-9.931945046303627,-8.35106398256651,0.0009873491839291432
4.235901631033585,-9.935427032966684,-8.544788680809923,0.0008564945253605103
4.190871698608448,-9.92963170554432,-8.381658763567222,0.000989834347948026
4.12188800757046,-9.897495166569504,-8.301907798991465,0.0011659377695662507
4.260261348639432,-9.930972104387754,-8.521090455504238,0.0009952077825013607
4.172642938992285,-9.91916796785894,-8.445920255207676,0.0008866844673186584
4.103771792208731,-9.91032563720322,-8.268366568190094,0.0010187355263921046
4.0306228410520575,-9.928685827459287,-8.176563231230743,0.0012249195269528337
4.132801660999189,-9.899088368441548,-8.362431374619689,0.0009601833056550928
3.9401697016126107,-9.90142280004993,-7.9410613493581605,0.001104253604383598
