date,AK,AL,AR,AZ,CA,CO,CT,DC,DE,FL,GA,HI,IA,ID,IL,IN,KS,KY,LA,MA,MD,ME,MI,MN,MO,MS,MT,NC,ND,NE,NH,NJ,NM,NV,NY,OH,OK,OR,PA,RI,SC,SD,TN,TX,UT,VA,VT,WA,WI,WV,WY
2020-03-01,0.0,0.0,0.0,0.0,0.0,0.0,0.0,0.0,0.0,0.0,0.0,0.0,0.0,0.0,0.0,0.0,0.0,0.0,0.0,0.0,0.0,0.0,0.0,0.0,0.0,0.0,0.0,0.0,0.0,0.0,0.0,0.0,0.0,0.0,0.0,0.0,0.0,0.0,0.0,0.0,0.0,0.0,0.0,0.0,0.0,0.0,0.0,0.14285714285714285,0.0,0.0,0.0
2020-03-02,0.0,0.0,0.0,0.0,0.0,0.0,0.0,0.0,0.0,0.0,0.0,0.0,0.0,0.0,0.0,0.0,0.0,0.0,0.0,0.0,0.0,0.0,0.0,0.0,0.0,0.0,0.0,0.0,0.0,0.0,0.0,0.0,0.0,0.0,0.0,0.0,0.0,0.0,0.0,0.0,0.0,0.0,0.0,0.0,0.0,0.0,0.0,0.8571428571428571,0.0,0.0,0.0
2020-03-03,0.0,0.0,0.0,0.0,0.0,0.0,0.0,0.0,0.0,0.0,0.0,0.0,0.0,0.0,0.0,0.0,0.0,0.0,0.0,0.0,0.0,0.0,0.0,0.0,0.0,0.0,0.0,0.0,0.0,0.0,0.0,0.0,0.0,0.0,0.0,0.0,0.0,0.0,0.0,0.0,0.0,0.0,0.0,0.0,0.0,0.0,0.0,1.0,0.0,0.0,0.0
2020-03-04,0.0,0.0,0.0,0.0,0.14285714285714285,0.0,0.0,0.0,0.0,0.0,0.0,0.0,0.0,0.0,0.0,0.0,0.0,0.0,0.0,0.0,0.0,0.0,0.0,0.0,0.0,0.0,0.0,0.0,0.0,0.0,0.0,0.0,0.0,0.0,0.0,0.0,0.0,0.0,0.0,0.0,0.0,0.0,0.0,0.0,0.0,0.0,0.0,1.4285714285714286,0.0,0.0,0.0
2020-03-05,0.0,0.0,0.0,0.0,0.14285714285714285,0.0,0.0,0.0,0.0,0.0,0.0,0.0,0.0,0.0,0.0,0.0,0.0,0.0,0.0,0.0,0.0,0.0,0.0,0.0,0.0,0.0,0.0,0.0,0.0,0.0,0.0,0.0,0.0,0.0,0.0,0.0,0.0,0.0,0.0,0.0,0.0,0.0,0.0,0.0,0.0,0.0,0.0,1.5714285714285714,0.0,0.0,0.0
2020-03-06,0.0,0.0,0.0,0.0,0.14285714285714285,0.0,0.0,0.0,0.0,0.0,0.0,0.0,0.0,0.0,0.0,0.0,0.0,0.0,0.0,0.0,0.0,0.0,0.0,0.0,0.0,0.0,0.0,0.0,0.0,0.0,0.0,0.0,0.0,0.0,0.0,0.0,0.0,0.0,0.0,0.0,0.0,0.0,0.0,0.0,0.0,0.0,0.0,1.8571428571428572,0.0,0.0,0.0
2020-03-07,0.0,0.0,0.0,0.0,0.14285714285714285,0.0,0.0,0.0,0.0,0.0,0.0,0.0,0.0,0.0,0.0,0.0,0.0,0.0,0.0,0.0,0.0,0.0,0.0,0.0,0.0,0.0,0.0,0.0,0.0,0.0,0.0,0.0,0.0,0.0,0.0,0.0,0.0,0.0,0.0,0.0,0.0,0.0,0.0,0.0,0.0,0.0,0.0,2.1428571428571423,0.0,0.0,0.0
2020-03-08,0.0,0.0,0.0,0.0,0.14285714285714285,0.0,0.0,0.0,0.0,0.2857142857142857,0.0,0.0,0.0,0.0,0.0,0.0,0.0,0.0,0.0,0.0,0.0,0.0,0.0,0.0,0.0,0.0,0.0,0.0,0.0,0.0,0.0,0.0,0.0,0.0,0.0,0.0,0.0,0.0,0.0,0.0,0.0,0.0,0.0,0.0,0.0,0.0,0.0,2.428571428571428,0.0,0.0,0.0
2020-03-09,0.0,0.0,0.0,0.0,0.2857142857142857,0.0,0.0,0.0,0.0,0.2857142857142857,0.0,0.0,0.0,0.0,0.0,0.0,0.0,0.0,0.0,0.0,0.0,0.0,0.0,0.0,0.0,0.0,0.0,0.0,0.0,0.0,0.0,0.0,0.0,0.0,0.0,0.0,0.0,0.0,0.0,0.0,0.0,0.0,0.0,0.0,0.0,0.0,0.0,1.8571428571428568,0.0,0.0,0.0
2020-03-10,0.0,0.0,0.0,0.0,0.2857142857142857,0.0,0.0,0.0,0.0,0.2857142857142857,0.0,0.0,0.0,0.0,0.0,0.0,0.0,0.0,0.0,0.0,0.0,0.0,0.0,0.0,0.0,0.0,0.0,0.0,0.0,0.0,0.0,0.14285714285714285,0.0,0.0,0.0,0.0,0.0,0.0,0.0,0.0,0.0,0.0,0.0,0.0,0.0,0.0,0.0,2.2857142857142856,0.0,0.0,0.0
2020-03-11,0.0,0.0,0.0,0.0,0.42857142857142855,0.0,0.0,0.0,0.0,0.2857142857142857,0.0,0.0,0.0,0.0,0.0,0.0,0.0,0.0,0.0,0.0,0.0,0.0,0.0,0.0,0.0,0.0,0.0,0.0,0.0,0.0,0.0,0.14285714285714285,0.0,0.0,0.14285714285714285,0.0,0.0,0.0,0.0,0.0,0.0,0.14285714285714285,0.0,0.0,0.0,0.0,0.0,1.9999999999999998,0.0,0.0,0.0
2020-03-12,0.0,0.0,0.0,0.0,0.5714285714285714,0.14285714285714285,0.0,0.0,0.0,0.2857142857142857,0.14285714285714285,0.0,0.0,0.0,0.0,0.0,0.0,0.0,0.0,0.0,0.0,0.0,0.14285714285714285,0.0,0.0,0.0,0.0,0.0,0.0,0.0,0.0,0.14285714285714285,0.0,0.0,0.14285714285714285,0.0,0.0,0.0,0.0,0.0,0.0,0.14285714285714285,0.0,0.0,0.0,0.0,0.0,2.8571428571428568,0.0,0.0,0.0
2020-03-13,0.0,0.0,0.0,0.0,0.42857142857142855,0.2857142857142857,0.0,0.0,0.0,0.2857142857142857,0.14285714285714285,0.0,0.0,0.0,0.0,0.0,0.14285714285714285,0.0,0.0,0.0,0.0,0.0,0.14285714285714285,0.0,0.0,0.0,0.0,0.0,0.0,0.0,0.0,0.14285714285714285,0.0,0.0,0.14285714285714285,0.0,0.0,0.0,0.0,0.0,0.0,0.14285714285714285,0.0,0.0,0.0,0.0,0.0,3.4285714285714284,0.0,0.0,0.0
2020-03-14,0.0,0.0,0.0,0.0,0.5714285714285714,0.2857142857142857,0.0,0.0,0.0,0.2857142857142857,0.14285714285714285,0.0,0.0,0.0,0.0,0.0,0.14285714285714285,0.0,0.14285714285714285,0.0,0.0,0.0,0.14285714285714285,0.0,0.0,0.0,0.0,0.0,0.0,0.0,0.0,0.14285714285714285,0.0,0.0,0.7142857142857142,0.0,0.0,0.0,0.0,0.0,0.0,0.14285714285714285,0.0,0.0,0.0,0.14285714285714285,0.0,3.2857142857142856,0.0,0.0,0.0
2020-03-15,0.0,0.0,0.0,0.0,0.7142857142857142,0.2857142857142857,0.0,0.0,0.0,0.14285714285714285,0.14285714285714285,0.0,0.0,0.0,0.0,0.0,0.14285714285714285,0.0,0.2857142857142857,0.0,0.0,0.0,0.14285714285714285,0.0,0.0,0.0,0.0,0.0,0.0,0.0,0.0,0.2857142857142857,0.0,0.0,1.4285714285714284,0.0,0.0,0.14285714285714285,0.0,0.0,0.0,0.14285714285714285,0.0,0.0,0.0,0.14285714285714285,0.0,3.1428571428571423,0.0,0.0,0.0
2020-03-16,0.0,0.0,0.0,0.0,0.5714285714285714,0.2857142857142857,0.0,0.0,0.0,0.14285714285714285,0.14285714285714285,0.0,0.0,0.0,0.0,0.14285714285714285,0.14285714285714285,0.14285714285714285,0.42857142857142855,0.0,0.0,0.0,0.14285714285714285,0.0,0.0,0.0,0.0,0.0,0.0,0.0,0.0,0.2857142857142857,0.0,0.14285714285714285,2.9999999999999996,0.0,0.0,0.14285714285714285,0.0,0.0,0.14285714285714285,0.14285714285714285,0.0,0.0,0.0,0.2857142857142857,0.0,4.142857142857142,0.0,0.0,0.0
2020-03-17,0.0,0.0,0.0,0.0,0.8571428571428571,0.42857142857142855,0.0,0.0,0.0,0.42857142857142855,0.14285714285714285,0.0,0.0,0.0,0.14285714285714285,0.42857142857142855,0.14285714285714285,0.14285714285714285,0.5714285714285714,0.0,0.0,0.0,0.14285714285714285,0.0,0.0,0.0,0.0,0.0,0.0,0.0,0.0,0.42857142857142855,0.0,0.14285714285714285,4.999999999999999,0.2857142857142857,0.0,0.14285714285714285,0.0,0.0,0.14285714285714285,0.14285714285714285,0.0,0.2857142857142857,0.0,0.2857142857142857,0.0,4.571428571428571,0.0,0.0,0.0
2020-03-18,0.0,0.0,0.0,0.0,1.7142857142857142,0.42857142857142855,0.14285714285714285,0.0,0.0,0.7142857142857142,0.42857142857142855,0.0,0.0,0.0,0.14285714285714285,0.5714285714285714,0.14285714285714285,0.14285714285714285,0.8571428571428571,0.0,0.0,0.0,0.2857142857142857,0.0,0.14285714285714285,0.0,0.0,0.0,0.0,0.0,0.0,0.8571428571428571,0.0,0.14285714285714285,8.428571428571429,0.42857142857142855,0.0,0.42857142857142855,0.14285714285714285,0.0,0.14285714285714285,0.0,0.0,0.7142857142857142,0.0,0.2857142857142857,0.0,6.142857142857142,0.0,0.0,0.0
2020-03-19,0.0,0.0,0.0,0.0,2.142857142857143,0.5714285714285714,0.42857142857142855,0.0,0.0,0.9999999999999999,1.2857142857142856,0.0,0.0,0.0,0.5714285714285714,0.5714285714285714,0.14285714285714285,0.2857142857142857,1.4285714285714284,0.0,0.14285714285714285,0.0,0.14285714285714285,0.0,0.14285714285714285,0.14285714285714285,0.0,0.0,0.0,0.0,0.0,1.7142857142857142,0.0,0.14285714285714285,12.428571428571429,0.42857142857142855,0.14285714285714285,0.42857142857142855,0.14285714285714285,0.14285714285714285,0.14285714285714285,0.0,0.0,0.7142857142857142,0.0,0.2857142857142857,0.2857142857142857,5.999999999999999,0.42857142857142855,0.0,0.0
2020-03-20,0.0,0.0,0.0,0.0,2.714285714285714,0.42857142857142855,0.5714285714285714,0.14285714285714285,0.0,1.2857142857142856,1.857142857142857,0.0,0.0,0.0,0.7142857142857142,1.1428571428571428,0.0,0.2857142857142857,1.9999999999999998,0.14285714285714285,0.2857142857142857,0.0,0.2857142857142857,0.0,0.42857142857142855,0.14285714285714285,0.0,0.0,0.0,0.0,0.0,2.142857142857143,0.0,0.2857142857142857,20.285714285714285,1.1428571428571428,0.14285714285714285,0.42857142857142855,0.14285714285714285,0.14285714285714285,0.42857142857142855,0.0,0.14285714285714285,0.9999999999999999,0.0,0.2857142857142857,0.2857142857142857,6.571428571428571,0.5714285714285714,0.0,0.0
2020-03-21,0.0,0.0,0.0,0.14285714285714285,2.9999999999999996,0.5714285714285714,0.5714285714285714,0.0,0.0,1.5714285714285712,2.714285714285714,0.0,0.0,0.0,0.857142857142857,1.857142857142857,0.14285714285714285,0.42857142857142855,2.714285714285714,0.14285714285714285,0.2857142857142857,0.0,0.7142857142857142,0.14285714285714285,0.42857142857142855,0.14285714285714285,0.0,0.0,0.0,0.0,0.0,3.0,0.0,0.2857142857142857,27.14285714285714,1.1428571428571428,0.14285714285714285,0.5714285714285714,0.2857142857142857,0.14285714285714285,0.42857142857142855,0.0,0.14285714285714285,1.1428571428571428,0.0,0.2857142857142857,0.2857142857142857,7.857142857142857,0.5714285714285714,0.0,0.0
2020-03-22,0.0,0.0,0.0,0.2857142857142857,4.285714285714286,0.7142857142857142,1.1428571428571428,0.2857142857142857,0.0,1.4285714285714284,3.4285714285714284,0.0,0.0,0.0,1.2857142857142856,2.571428571428571,0.14285714285714285,0.42857142857142855,2.571428571428571,0.7142857142857142,0.42857142857142855,0.0,1.5714285714285712,0.14285714285714285,0.42857142857142855,0.14285714285714285,0.0,0.0,0.0,0.0,0.0,3.8571428571428568,0.0,0.2857142857142857,34.14285714285714,1.5714285714285714,0.2857142857142857,0.5714285714285714,0.5714285714285714,0.14285714285714285,0.42857142857142855,0.0,0.2857142857142857,1.4285714285714284,0.14285714285714285,0.7142857142857142,0.2857142857142857,8.142857142857142,0.5714285714285714,0.0,0.0
2020-03-23,0.0,0.0,0.0,0.2857142857142857,4.857142857142857,0.7142857142857142,1.4285714285714284,0.2857142857142857,0.0,2.142857142857143,3.4285714285714284,0.0,0.0,0.0,1.7142857142857142,3.142857142857143,0.14285714285714285,0.42857142857142855,4.571428571428571,1.2857142857142856,0.42857142857142855,0.0,2.4285714285714284,0.14285714285714285,0.5714285714285714,0.14285714285714285,0.0,0.0,0.0,0.0,0.14285714285714285,5.428571428571428,0.0,0.42857142857142855,47.14285714285714,2.142857142857143,0.2857142857142857,0.5714285714285714,0.8571428571428571,0.14285714285714285,0.5714285714285714,0.0,0.2857142857142857,1.5714285714285712,0.14285714285714285,0.5714285714285714,0.7142857142857142,8.714285714285714,0.5714285714285714,0.0,0.0
2020-03-24,0.0,0.0,0.2857142857142857,0.7142857142857142,6.142857142857142,1.1428571428571428,1.714285714285714,0.2857142857142857,0.0,1.857142857142857,4.428571428571428,0.14285714285714285,0.0,0.0,2.142857142857143,3.5714285714285716,0.14285714285714285,0.42857142857142855,5.999999999999999,1.5714285714285712,0.5714285714285714,0.0,4.285714285714286,0.14285714285714285,1.1428571428571428,0.14285714285714285,0.0,0.0,0.0,0.0,0.14285714285714285,7.999999999999999,0.0,0.42857142857142855,62.857142857142854,2.4285714285714284,0.42857142857142855,1.0,1.1428571428571428,0.14285714285714285,0.5714285714285714,0.0,0.2857142857142857,1.9999999999999998,0.14285714285714285,1.0,0.9999999999999999,8.714285714285714,0.8571428571428571,0.0,0.0
2020-03-25,0.14285714285714285,0.14285714285714285,0.2857142857142857,0.857142857142857,7.142857142857142,2.4285714285714284,2.571428571428571,0.2857142857142857,0.0,2.2857142857142856,5.285714285714285,0.0,0.14285714285714285,0.0,2.571428571428571,4.285714285714286,0.2857142857142857,0.5714285714285714,8.428571428571427,2.1428571428571423,0.5714285714285714,0.0,6.999999999999999,0.14285714285714285,1.1428571428571428,0.42857142857142855,0.0,0.2857142857142857,0.0,0.0,0.14285714285714285,10.571428571428571,0.14285714285714285,0.7142857142857142,81.71428571428571,3.142857142857143,0.7142857142857142,0.9999999999999999,1.9999999999999998,0.14285714285714285,0.8571428571428571,0.0,0.42857142857142855,2.1428571428571423,0.14285714285714285,1.0,1.1428571428571428,9.428571428571429,1.4285714285714284,0.0,0.0
2020-03-26,0.14285714285714285,0.14285714285714285,0.2857142857142857,1.1428571428571428,8.57142857142857,2.0,2.571428571428571,0.42857142857142855,0.0,2.8571428571428568,5.428571428571429,0.0,0.14285714285714285,0.42857142857142855,3.142857142857143,5.571428571428571,0.2857142857142857,0.42857142857142855,10.428571428571429,3.5714285714285707,0.42857142857142855,0.0,9.857142857142856,0.2857142857142857,1.1428571428571428,0.7142857142857142,0.0,0.42857142857142855,0.0,0.0,0.14285714285714285,13.714285714285714,0.14285714285714285,1.2857142857142856,111.28571428571428,4.0,0.8571428571428571,1.1428571428571428,2.4285714285714284,0.0,1.1428571428571428,0.0,0.42857142857142855,2.9999999999999996,0.14285714285714285,1.1428571428571428,0.9999999999999998,11.0,2.0,0.0,0.0
2020-03-27,0.14285714285714285,0.5714285714285714,0.42857142857142855,1.857142857142857,11.0,3.7142857142857144,3.2857142857142856,0.2857142857142857,0.14285714285714285,3.4285714285714284,7.142857142857142,0.0,0.42857142857142855,0.42857142857142855,4.142857142857142,5.428571428571429,0.42857142857142855,0.7142857142857142,15.0,4.857142857142857,0.42857142857142855,0.14285714285714285,14.857142857142856,0.5714285714285714,0.857142857142857,0.9999999999999999,0.14285714285714285,0.5714285714285714,0.14285714285714285,0.0,0.14285714285714285,17.857142857142854,0.14285714285714285,1.1428571428571428,141.28571428571428,4.428571428571429,1.0,1.2857142857142856,3.0,0.2857142857142857,1.4285714285714284,0.0,0.7142857142857142,4.428571428571428,0.14285714285714285,1.1428571428571428,1.1428571428571426,10.571428571428571,2.142857142857143,0.0,0.0
2020-03-28,0.2857142857142857,0.5714285714285714,0.7142857142857142,2.0,23.142857142857142,5.428571428571428,4.142857142857142,0.5714285714285714,0.0,5.857142857142857,6.999999999999999,0.0,0.42857142857142855,0.5714285714285714,5.857142857142857,6.428571428571429,0.42857142857142855,0.8571428571428571,16.714285714285715,6.142857142857142,0.42857142857142855,0.14285714285714285,17.71428571428571,0.5714285714285714,1.4285714285714284,1.7142857142857142,0.14285714285714285,0.7142857142857142,0.14285714285714285,0.2857142857142857,0.2857142857142857,24.285714285714285,0.14285714285714285,1.1428571428571428,184.14285714285714,6.0,2.0,1.2857142857142856,4.571428571428571,0.42857142857142855,1.714285714285714,0.0,0.857142857142857,5.285714285714286,0.14285714285714285,1.4285714285714286,1.4285714285714284,13.428571428571429,2.571428571428571,0.0,0.0
2020-03-29,0.2857142857142857,1.4285714285714284,0.857142857142857,2.142857142857143,13.857142857142856,5.714285714285714,3.7142857142857144,0.42857142857142855,0.0,6.142857142857142,7.857142857142857,0.0,0.5714285714285714,0.7142857142857142,8.142857142857142,8.285714285714285,0.7142857142857142,0.8571428571428571,18.714285714285715,6.142857142857142,1.0,0.42857142857142855,20.714285714285715,1.1428571428571428,1.857142857142857,1.857142857142857,0.14285714285714285,0.9999999999999999,0.14285714285714285,0.2857142857142857,0.2857142857142857,27.142857142857142,0.2857142857142857,1.857142857142857,231.0,8.285714285714285,1.9999999999999998,1.1428571428571426,5.285714285714286,0.7142857142857142,1.8571428571428568,0.0,0.857142857142857,6.285714285714286,0.14285714285714285,2.0,1.4285714285714284,14.428571428571429,3.571428571428571,0.0,0.0
2020-03-30,0.42857142857142855,1.4285714285714284,0.9999999999999998,2.571428571428571,15.571428571428573,6.285714285714286,3.714285714285714,1.0,0.0,6.428571428571428,8.857142857142856,0.0,0.8571428571428571,0.857142857142857,8.714285714285714,9.714285714285714,0.857142857142857,0.9999999999999999,21.428571428571427,6.7142857142857135,1.7142857142857142,0.42857142857142855,27.857142857142854,1.2857142857142856,1.7142857142857142,2.142857142857143,0.7142857142857142,0.9999999999999999,0.2857142857142857,0.2857142857142857,0.2857142857142857,32.57142857142857,0.2857142857142857,1.5714285714285714,275.2857142857143,9.571428571428571,1.9999999999999998,1.5714285714285712,6.285714285714286,1.1428571428571428,1.8571428571428568,0.0,1.714285714285714,7.7142857142857135,0.42857142857142855,1.2857142857142858,0.9999999999999999,13.714285714285714,4.428571428571428,0.14285714285714285,0.0
2020-03-31,0.42857142857142855,3.2857142857142856,0.857142857142857,2.8571428571428568,17.0,8.285714285714285,8.142857142857142,1.0,0.42857142857142855,9.571428571428571,11.285714285714285,0.0,1.0,1.1428571428571428,11.857142857142856,12.0,0.9999999999999998,0.9999999999999999,27.571428571428573,11.142857142857142,2.0,0.7142857142857142,37.285714285714285,1.5714285714285712,1.5714285714285714,2.7142857142857144,0.7142857142857142,1.7142857142857142,0.42857142857142855,0.42857142857142855,0.2857142857142857,43.714285714285715,0.5714285714285714,3.142857142857143,327.4285714285714,10.142857142857142,2.8571428571428568,1.4285714285714284,7.857142857142857,1.4285714285714284,2.428571428571428,0.0,2.9999999999999996,8.571428571428571,0.5714285714285714,2.571428571428571,0.857142857142857,15.571428571428571,5.285714285714285,0.14285714285714285,0.0
2020-04-01,0.2857142857142857,3.7142857142857144,1.1428571428571428,3.714285714285714,19.0,62.42857142857142,9.428571428571427,1.0,1.857142857142857,9.142857142857142,14.142857142857142,0.14285714285714285,1.1428571428571428,1.2857142857142856,17.428571428571427,14.285714285714285,0.9999999999999998,1.857142857142857,29.714285714285715,15.285714285714283,3.857142857142857,0.7142857142857142,45.57142857142857,2.2857142857142856,2.142857142857143,2.7142857142857135,0.857142857142857,1.714285714285714,0.42857142857142855,0.5714285714285714,0.2857142857142857,56.42857142857142,0.5714285714285714,3.571428571428571,394.42857142857144,11.714285714285714,3.571428571428571,1.2857142857142856,8.428571428571429,1.5714285714285712,2.7142857142857135,0.14285714285714285,0.0,11.285714285714285,0.5714285714285714,3.571428571428571,1.1428571428571428,25.285714285714285,6.285714285714285,0.14285714285714285,0.0
2020-04-02,0.2857142857142857,4.428571428571429,1.4285714285714284,3.8571428571428568,22.285714285714285,65.71428571428571,13.0,1.2857142857142856,2.2857142857142856,19.285714285714285,16.428571428571427,0.14285714285714285,1.4285714285714284,0.857142857142857,19.57142857142857,16.142857142857142,1.4285714285714284,3.714285714285714,32.42857142857143,18.428571428571427,4.571428571428571,0.9999999999999999,54.57142857142856,2.2857142857142856,3.2857142857142856,2.8571428571428568,0.857142857142857,2.571428571428571,0.42857142857142855,0.7142857142857142,0.2857142857142857,81.71428571428571,0.7142857142857142,4.0,464.71428571428567,13.428571428571427,3.8571428571428568,1.4285714285714284,10.428571428571427,2.1428571428571423,3.142857142857143,0.14285714285714285,4.142857142857142,13.857142857142856,0.8571428571428571,4.428571428571428,1.1428571428571428,27.14285714285714,7.142857142857142,0.2857142857142857,0.0
2020-04-03,0.2857142857142857,4.857142857142857,1.2857142857142856,4.428571428571428,25.142857142857142,68.14285714285714,14.857142857142856,1.7142857142857142,2.2857142857142856,19.285714285714285,17.142857142857142,0.42857142857142855,1.1428571428571428,0.857142857142857,25.142857142857142,20.285714285714285,1.9999999999999998,3.8571428571428568,35.857142857142854,22.428571428571427,5.428571428571428,1.1428571428571428,58.71428571428571,2.571428571428571,5.142857142857142,2.9999999999999996,0.5714285714285714,3.2857142857142856,0.2857142857142857,0.857142857142857,0.5714285714285714,96.57142857142857,1.2857142857142856,4.714285714285714,532.1428571428571,15.428571428571427,4.285714285714286,1.4285714285714284,11.714285714285714,2.2857142857142856,2.9999999999999996,0.14285714285714285,4.428571428571428,15.285714285714285,0.8571428571428571,5.142857142857142,1.0,30.28571428571428,9.571428571428571,0.2857142857142857,0.0
2020-04-04,0.42857142857142855,5.7142857142857135,1.2857142857142856,5.285714285714285,15.0,70.71428571428572,18.857142857142854,2.4285714285714284,2.4285714285714284,20.142857142857142,18.857142857142854,0.42857142857142855,1.5714285714285714,0.857142857142857,28.142857142857142,22.142857142857142,1.857142857142857,4.428571428571428,38.857142857142854,24.57142857142857,6.999999999999999,1.2857142857142856,65.0,2.714285714285714,5.428571428571428,3.142857142857143,0.7142857142857142,4.142857142857142,0.2857142857142857,0.5714285714285714,0.7142857142857142,123.85714285714285,1.4285714285714284,5.142857142857143,600.5714285714286,16.57142857142857,3.8571428571428568,1.2857142857142856,15.428571428571429,3.4285714285714284,3.571428571428571,0.14285714285714285,5.142857142857142,17.0,1.0,5.571428571428571,1.1428571428571428,29.999999999999996,11.428571428571427,0.2857142857142857,0.0
2020-04-05,0.5714285714285714,5.0,1.4285714285714284,6.714285714285714,29.999999999999996,75.42857142857143,22.14285714285714,2.4285714285714284,2.714285714285714,23.571428571428573,18.71428571428571,0.5714285714285714,1.9999999999999998,0.7142857142857142,29.71428571428571,24.428571428571427,2.0,5.142857142857142,46.57142857142857,26.14285714285714,8.142857142857142,1.0,74.0,2.857142857142857,6.857142857142856,4.142857142857142,0.7142857142857142,4.428571428571428,0.2857142857142857,0.8571428571428571,0.9999999999999999,138.0,1.4285714285714284,4.428571428571429,677.9999999999999,17.142857142857142,4.285714285714285,1.9999999999999998,16.571428571428573,3.4285714285714284,4.0,0.14285714285714285,5.142857142857142,20.285714285714285,0.857142857142857,4.571428571428571,1.4285714285714284,32.57142857142857,10.999999999999998,0.42857142857142855,0.0
2020-04-06,0.42857142857142855,5.571428571428571,1.2857142857142856,6.428571428571429,31.71428571428571,79.28571428571429,24.28571428571428,2.142857142857143,3.4285714285714284,24.714285714285715,20.285714285714285,0.7142857142857142,2.714285714285714,0.5714285714285714,33.42857142857142,25.857142857142858,2.2857142857142856,4.857142857142857,46.71428571428571,29.14285714285714,10.857142857142856,1.0,82.85714285714286,2.857142857142857,7.999999999999998,5.0,0.14285714285714285,5.428571428571428,0.14285714285714285,1.0,0.8571428571428571,152.7142857142857,1.4285714285714284,4.428571428571429,765.5714285714286,18.14285714285714,4.999999999999999,1.5714285714285712,19.428571428571427,4.0,4.285714285714286,0.42857142857142855,7.285714285714286,21.57142857142857,1.2857142857142856,7.285714285714285,1.5714285714285712,35.0,11.571428571428571,0.42857142857142855,0.0
2020-04-07,0.42857142857142855,5.857142857142857,1.4285714285714284,6.857142857142858,36.285714285714285,85.14285714285714,29.71428571428571,1.8571428571428572,3.571428571428571,28.285714285714285,31.142857142857142,0.7142857142857142,2.571428571428571,0.7142857142857142,40.14285714285714,28.142857142857142,3.571428571428571,7.7142857142857135,48.99999999999999,38.14285714285714,12.14285714285714,0.9999999999999999,89.28571428571428,3.1428571428571423,10.428571428571429,5.714285714285714,0.14285714285714285,5.857142857142858,0.14285714285714285,0.9999999999999998,0.8571428571428571,181.0,1.2857142857142856,6.571428571428571,877.2857142857142,19.57142857142857,6.285714285714286,1.5714285714285712,27.14285714285714,4.428571428571428,4.142857142857142,0.7142857142857142,6.999999999999999,21.71428571428571,1.1428571428571428,5.571428571428571,1.4285714285714284,35.57142857142857,11.428571428571427,0.42857142857142855,0.0
2020-04-08,0.5714285714285714,5.57142857142857,1.1428571428571428,8.142857142857142,41.142857142857146,31.999999999999996,34.42857142857142,2.5714285714285716,2.7142857142857144,31.714285714285715,31.857142857142858,0.5714285714285714,2.571428571428571,0.8571428571428571,45.85714285714286,29.142857142857142,4.0,6.714285714285714,54.14285714285714,44.42857142857143,13.285714285714285,1.2857142857142856,95.28571428571428,3.142857142857143,11.857142857142858,6.428571428571428,0.0,7.428571428571428,0.14285714285714285,1.1428571428571428,1.4285714285714284,214.0,1.1428571428571426,5.857142857142857,922.5714285714284,21.857142857142858,7.0,1.9999999999999998,35.857142857142854,5.714285714285714,3.5714285714285707,0.5714285714285714,11.285714285714285,22.142857142857142,1.1428571428571428,4.571428571428571,1.0,25.571428571428566,12.285714285714285,0.42857142857142855,0.0
2020-04-09,0.5714285714285714,5.428571428571428,1.2857142857142856,9.0,43.285714285714285,39.57142857142857,38.285714285714285,2.857142857142857,2.571428571428571,27.142857142857142,30.857142857142858,0.7142857142857142,2.571428571428571,1.2857142857142856,52.14285714285714,31.142857142857142,3.0,6.0,56.0,49.857142857142854,14.57142857142857,1.2857142857142856,101.57142857142856,4.571428571428571,13.0,7.142857142857142,0.0,7.857142857142857,0.2857142857142857,1.2857142857142856,2.571428571428571,224.14285714285714,1.4285714285714284,6.142857142857142,968.9999999999999,22.857142857142858,6.571428571428571,3.2857142857142856,38.142857142857146,6.142857142857143,5.142857142857142,0.5714285714285714,8.857142857142856,22.285714285714285,0.8571428571428571,9.714285714285714,0.857142857142857,23.857142857142858,12.428571428571429,0.42857142857142855,0.0
2020-04-10,0.5714285714285714,6.0,1.2857142857142856,8.857142857142856,43.0,34.57142857142857,45.285714285714285,3.2857142857142856,2.714285714285714,31.428571428571427,33.14285714285714,0.42857142857142855,2.8571428571428568,2.142857142857143,55.285714285714285,30.142857142857142,4.571428571428571,8.0,55.0,58.14285714285714,18.285714285714285,1.1428571428571428,121.85714285714285,4.999999999999999,12.571428571428571,7.571428571428571,0.14285714285714285,8.0,0.42857142857142855,1.2857142857142856,2.2857142857142856,244.57142857142856,1.0,6.7142857142857135,993.9999999999999,22.571428571428573,7.142857142857142,3.1428571428571423,47.14285714285714,7.285714285714286,5.428571428571428,0.5714285714285714,8.714285714285714,22.857142857142858,1.4285714285714284,10.714285714285714,0.9999999999999998,22.142857142857142,11.142857142857142,0.42857142857142855,0.0
2020-04-11,0.42857142857142855,6.857142857142857,1.5714285714285714,9.285714285714285,43.714285714285715,33.57142857142857,46.99999999999999,3.714285714285714,3.8571428571428568,34.71428571428571,32.57142857142857,0.7142857142857142,2.8571428571428568,2.142857142857143,61.857142857142854,29.42857142857143,4.857142857142857,7.142857142857142,56.71428571428571,67.14285714285714,21.714285714285715,1.2857142857142856,128.85714285714286,5.7142857142857135,13.428571428571427,8.285714285714285,0.0,7.857142857142857,0.5714285714285714,1.5714285714285712,2.142857142857143,256.42857142857144,1.1428571428571428,8.0,1008.9999999999999,23.571428571428573,7.428571428571428,3.7142857142857135,53.57142857142857,7.7142857142857135,5.7142857142857135,0.5714285714285714,8.285714285714285,24.428571428571427,1.4285714285714284,11.142857142857142,0.7142857142857142,21.285714285714285,10.714285714285715,0.42857142857142855,0.0
2020-04-12,0.2857142857142857,6.857142857142858,1.5714285714285712,8.714285714285714,41.285714285714285,33.285714285714285,52.14285714285714,3.9999999999999996,4.285714285714286,34.285714285714285,31.714285714285715,0.7142857142857142,3.285714285714285,2.4285714285714284,63.714285714285715,28.714285714285715,5.999999999999999,7.428571428571428,51.857142857142854,75.0,24.14285714285714,1.2857142857142856,130.99999999999997,5.857142857142856,13.285714285714283,7.571428571428571,0.0,7.285714285714286,0.5714285714285714,1.2857142857142856,1.9999999999999998,273.0,1.9999999999999998,9.428571428571429,1013.5714285714286,24.71428571428571,7.142857142857142,3.571428571428571,59.28571428571428,8.714285714285714,5.428571428571428,0.5714285714285714,8.142857142857142,22.999999999999996,1.4285714285714284,12.714285714285714,0.7142857142857142,19.428571428571427,11.0,0.42857142857142855,0.0
2020-04-13,0.2857142857142857,7.142857142857143,1.8571428571428568,9.571428571428571,46.42857142857143,33.57142857142857,56.57142857142856,3.9999999999999996,4.285714285714286,37.57142857142857,33.714285714285715,0.5714285714285714,2.2857142857142856,2.4285714285714284,70.14285714285714,30.142857142857142,5.285714285714286,9.714285714285714,53.14285714285714,83.42857142857142,24.428571428571427,1.2857142857142856,133.0,5.7142857142857135,13.57142857142857,6.7142857142857135,0.14285714285714285,7.0,0.7142857142857142,1.1428571428571428,1.9999999999999998,275.1428571428571,1.9999999999999998,9.714285714285715,1008.4285714285714,27.0,6.857142857142858,3.714285714285714,60.57142857142857,9.0,4.857142857142857,0.2857142857142857,6.285714285714285,25.142857142857142,0.0,11.857142857142856,0.7142857142857142,18.857142857142854,11.285714285714285,0.5714285714285714,0.14285714285714285
2020-04-14,0.42857142857142855,7.142857142857142,1.9999999999999998,9.999999999999998,50.99999999999999,29.285714285714285,56.28571428571428,6.428571428571428,4.714285714285714,41.14285714285714,28.0,0.5714285714285714,3.4285714285714284,2.8571428571428568,69.71428571428571,31.428571428571427,6.142857142857142,5.857142857142857,61.57142857142857,69.71428571428572,28.42857142857143,1.1428571428571428,140.28571428571428,6.428571428571428,13.285714285714286,7.285714285714286,0.14285714285714285,8.428571428571429,0.5714285714285714,1.4285714285714284,2.2857142857142856,292.14285714285717,2.571428571428571,7.714285714285714,952.7142857142857,29.428571428571427,5.857142857142858,3.714285714285714,66.14285714285714,9.428571428571427,6.57142857142857,0.0,7.428571428571429,27.142857142857142,0.7142857142857142,12.57142857142857,0.857142857142857,17.857142857142858,11.571428571428571,0.7142857142857142,0.14285714285714285
2020-04-15,0.2857142857142857,7.428571428571428,2.142857142857143,9.428571428571427,55.14285714285713,31.0,77.42857142857142,6.428571428571428,5.142857142857142,40.99999999999999,27.142857142857142,0.5714285714285714,3.7142857142857144,3.4285714285714284,69.57142857142857,32.71428571428571,5.0,7.142857142857142,64.42857142857143,96.42857142857143,26.71428571428571,1.4285714285714284,145.57142857142858,6.857142857142856,13.571428571428571,7.857142857142856,0.14285714285714285,9.142857142857142,0.7142857142857142,1.1428571428571428,2.714285714285714,302.0,3.2857142857142856,8.428571428571429,927.857142857143,29.857142857142858,6.285714285714285,3.571428571428571,68.28571428571428,10.428571428571429,7.857142857142856,0.0,7.999999999999999,29.71428571428571,0.9999999999999999,18.428571428571427,0.857142857142857,17.142857142857142,10.571428571428571,0.857142857142857,0.14285714285714285
2020-04-16,0.2857142857142857,8.999999999999998,2.2857142857142856,9.428571428571429,59.42857142857142,24.57142857142857,84.42857142857142,6.999999999999999,5.285714285714286,44.857142857142854,29.71428571428571,0.42857142857142855,4.428571428571428,3.2857142857142856,77.71428571428571,32.42857142857142,6.571428571428571,7.999999999999999,64.85714285714285,86.42857142857142,25.857142857142854,1.5714285714285714,138.85714285714286,5.2857142857142865,13.285714285714286,7.57142857142857,0.14285714285714285,10.571428571428571,0.5714285714285714,1.0,1.5714285714285714,322.85714285714283,2.857142857142857,8.0,890.5714285714287,31.142857142857142,7.285714285714285,2.8571428571428568,74.14285714285714,11.428571428571429,6.285714285714286,0.14285714285714285,6.7142857142857135,31.285714285714285,0.9999999999999999,14.142857142857142,1.4285714285714284,17.57142857142857,10.142857142857142,0.9999999999999999,0.2857142857142857
2020-04-17,0.2857142857142857,9.714285714285714,2.2857142857142856,11.0,63.714285714285715,29.142857142857142,84.0,6.857142857142857,5.857142857142857,47.85714285714286,33.42857142857142,0.42857142857142855,4.7142857142857135,2.4285714285714284,76.42857142857142,34.0,4.857142857142857,6.7142857142857135,65.42857142857142,92.28571428571428,23.28571428571428,1.7142857142857144,143.42857142857142,7.7142857142857135,13.714285714285714,8.285714285714285,0.2857142857142857,13.428571428571429,0.42857142857142855,1.2857142857142856,2.2857142857142856,336.0,3.8571428571428568,7.428571428571428,828.4285714285714,35.14285714285714,6.857142857142857,3.714285714285714,75.14285714285714,12.857142857142858,6.285714285714286,0.14285714285714285,6.285714285714286,33.57142857142857,0.8571428571428571,15.714285714285714,1.5714285714285712,17.857142857142858,9.857142857142856,1.5714285714285712,0.2857142857142857
2020-04-18,0.14285714285714285,8.714285714285714,1.857142857142857,8.999999999999998,75.42857142857143,27.71428571428571,84.57142857142857,6.285714285714286,6.142857142857142,44.28571428571429,34.857142857142854,0.14285714285714285,5.714285714285714,2.571428571428571,83.14285714285714,35.14285714285714,4.857142857142857,7.7142857142857135,65.85714285714285,102.57142857142857,30.71428571428571,1.857142857142857,139.0,8.142857142857142,13.0,8.428571428571427,0.5714285714285714,14.0,0.2857142857142857,1.0,2.2857142857142856,330.7142857142857,4.857142857142857,6.999999999999999,769.5714285714286,36.42857142857143,5.999999999999999,3.4285714285714284,80.57142857142857,13.285714285714285,5.571428571428571,0.14285714285714285,6.285714285714286,32.57142857142857,1.0,18.285714285714285,1.857142857142857,17.0,10.285714285714285,1.5714285714285712,0.2857142857142857
2020-04-19,0.14285714285714285,9.14285714285714,1.714285714285714,8.428571428571427,75.57142857142857,25.42857142857143,81.85714285714286,6.571428571428572,5.999999999999999,44.714285714285715,36.285714285714285,0.14285714285714285,4.857142857142858,2.4285714285714284,81.42857142857143,36.285714285714285,4.285714285714286,6.999999999999999,65.14285714285714,135.71428571428572,32.14285714285714,2.142857142857143,136.99999999999997,9.142857142857142,12.142857142857142,8.999999999999998,0.5714285714285714,15.857142857142858,0.2857142857142857,1.5714285714285714,2.142857142857143,344.1428571428571,4.142857142857142,6.571428571428571,709.2857142857143,36.42857142857143,6.285714285714286,3.1428571428571423,106.85714285714285,13.57142857142857,5.428571428571429,0.14285714285714285,6.714285714285714,32.714285714285715,1.2857142857142856,19.428571428571427,1.5714285714285714,18.285714285714285,10.714285714285714,1.714285714285714,0.2857142857142857
2020-04-20,0.14285714285714285,9.142857142857142,1.714285714285714,8.428571428571427,72.14285714285714,26.571428571428573,104.14285714285714,7.571428571428572,6.714285714285714,46.14285714285714,44.285714285714285,0.14285714285714285,5.428571428571429,2.571428571428571,78.71428571428571,36.714285714285715,5.857142857142857,5.857142857142856,63.42857142857143,123.14285714285714,45.714285714285715,2.2857142857142856,130.42857142857142,10.428571428571429,13.714285714285715,10.142857142857142,0.42857142857142855,17.714285714285715,0.14285714285714285,2.2857142857142856,2.7142857142857144,345.0,4.571428571428571,6.428571428571429,708.7142857142857,37.42857142857143,6.285714285714286,3.1428571428571423,112.42857142857142,13.714285714285714,5.857142857142858,0.14285714285714285,6.142857142857143,30.57142857142857,2.1428571428571423,21.57142857142857,1.4285714285714284,18.142857142857142,9.571428571428571,2.2857142857142856,0.14285714285714285
2020-04-21,0.0,9.857142857142856,1.4285714285714284,9.285714285714285,72.57142857142857,27.0,107.42857142857142,6.428571428571428,6.428571428571429,42.285714285714285,38.99999999999999,0.14285714285714285,4.857142857142857,2.1428571428571423,85.71428571428571,37.285714285714285,4.571428571428571,9.285714285714286,56.0,159.57142857142856,50.0,2.2857142857142856,121.0,11.571428571428571,13.714285714285714,10.285714285714285,0.7142857142857142,19.0,0.7142857142857142,1.857142857142857,2.4285714285714284,327.99999999999994,3.8571428571428568,5.285714285714286,670.9999999999999,37.85714285714286,8.0,3.285714285714285,133.57142857142856,15.142857142857142,3.8571428571428563,0.2857142857142857,4.7142857142857135,32.42857142857142,1.9999999999999998,24.28571428571428,1.5714285714285712,18.0,9.285714285714285,2.4285714285714284,0.14285714285714285
2020-04-22,0.0,11.142857142857142,1.2857142857142856,10.857142857142856,77.42857142857142,26.0,96.57142857142857,7.857142857142857,7.285714285714286,42.42857142857143,42.285714285714285,0.42857142857142855,5.285714285714286,1.7142857142857142,88.0,39.14285714285714,5.571428571428572,10.0,52.857142857142854,153.42857142857144,55.285714285714285,2.1428571428571423,133.0,13.14285714285714,14.142857142857142,10.142857142857142,0.9999999999999999,19.285714285714285,0.7142857142857142,2.571428571428571,2.2857142857142856,331.2857142857143,4.999999999999999,5.857142857142857,637.2857142857142,38.857142857142854,6.7142857142857135,2.8571428571428568,130.28571428571428,15.285714285714285,4.857142857142857,0.42857142857142855,4.428571428571429,30.14285714285714,1.7142857142857142,22.0,1.5714285714285712,17.857142857142854,9.0,2.4285714285714284,0.7142857142857142
2020-04-23,0.0,9.857142857142858,1.1428571428571428,12.142857142857142,78.57142857142857,30.285714285714285,95.42857142857143,8.285714285714285,8.857142857142856,45.57142857142857,42.0,0.42857142857142855,5.142857142857142,1.8571428571428572,88.0,39.714285714285715,4.714285714285714,8.857142857142858,63.285714285714285,178.85714285714286,61.285714285714285,2.4285714285714284,145.85714285714286,16.14285714285714,14.428571428571427,10.285714285714285,0.9999999999999999,18.71428571428571,0.857142857142857,3.714285714285714,2.714285714285714,314.7142857142857,5.999999999999999,8.285714285714285,614.9999999999999,39.714285714285715,6.857142857142857,2.714285714285714,127.7142857142857,15.428571428571427,5.571428571428571,0.2857142857142857,4.142857142857142,32.14285714285714,2.142857142857143,23.57142857142857,1.4285714285714284,16.71428571428571,8.142857142857142,2.7142857142857144,0.7142857142857142
2020-04-24,0.0,8.714285714285714,1.4285714285714284,11.857142857142858,80.57142857142857,28.999999999999996,104.42857142857142,9.571428571428571,10.285714285714285,45.85714285714286,35.57142857142857,0.5714285714285714,6.1428571428571415,1.8571428571428572,94.71428571428571,39.857142857142854,4.857142857142857,9.0,63.857142857142854,187.28571428571428,66.28571428571429,2.571428571428571,127.42857142857142,15.714285714285714,16.285714285714285,9.857142857142856,0.8571428571428571,16.714285714285715,0.857142857142857,3.714285714285714,2.2857142857142856,303.14285714285717,5.7142857142857135,7.857142857142857,624.4285714285713,39.71428571428571,7.428571428571428,2.2857142857142856,118.85714285714285,14.57142857142857,5.857142857142857,0.42857142857142855,3.7142857142857144,29.142857142857142,2.2857142857142856,25.71428571428571,1.2857142857142856,16.142857142857146,8.285714285714285,2.285714285714285,0.7142857142857142
2020-04-25,0.0,7.999999999999999,1.4285714285714284,13.285714285714286,76.42857142857142,29.14285714285714,111.28571428571428,10.57142857142857,10.0,43.85714285714286,33.42857142857143,0.5714285714285714,5.428571428571429,1.8571428571428572,88.0,41.857142857142854,4.857142857142857,8.714285714285714,62.857142857142854,189.42857142857142,64.85714285714286,2.142857142857143,125.57142857142856,17.57142857142857,17.28571428571428,9.857142857142856,0.5714285714285714,16.857142857142858,0.9999999999999998,3.714285714285714,2.142857142857143,300.7142857142857,5.7142857142857135,7.7142857142857135,613.0,39.142857142857146,8.285714285714285,2.142857142857143,109.14285714285712,14.428571428571427,6.714285714285714,0.42857142857142855,4.714285714285714,28.857142857142858,2.2857142857142856,25.57142857142857,1.1428571428571428,16.142857142857142,7.142857142857142,2.285714285714285,0.7142857142857142
2020-04-26,0.0,8.857142857142856,1.7142857142857142,13.0,76.14285714285714,28.428571428571423,113.85714285714285,11.714285714285714,11.285714285714285,42.99999999999999,32.714285714285715,0.5714285714285714,6.142857142857142,1.7142857142857144,91.85714285714286,41.57142857142857,3.9999999999999996,8.857142857142856,61.85714285714286,170.42857142857142,64.14285714285714,2.2857142857142856,136.28571428571428,19.71428571428571,18.857142857142854,9.714285714285714,0.5714285714285714,17.71428571428571,1.1428571428571426,3.9999999999999996,3.142857142857143,260.7142857142857,6.285714285714285,6.857142857142857,595.5714285714286,41.85714285714286,7.857142857142857,2.571428571428571,79.0,14.857142857142856,7.7142857142857135,0.5714285714285714,4.714285714285714,29.285714285714285,2.0,24.571428571428573,1.1428571428571428,15.571428571428571,7.428571428571429,2.2857142857142856,0.7142857142857142
2020-04-27,0.0,9.285714285714285,1.4285714285714286,12.0,76.14285714285712,25.999999999999996,97.28571428571428,11.428571428571429,11.714285714285715,37.99999999999999,31.428571428571427,0.8571428571428571,6.857142857142856,1.5714285714285712,90.57142857142857,42.285714285714285,3.4285714285714284,8.428571428571427,58.85714285714286,185.28571428571428,51.857142857142854,2.2857142857142856,137.28571428571428,20.428571428571427,18.857142857142854,8.571428571428571,0.5714285714285714,17.428571428571427,1.4285714285714284,3.2857142857142856,2.571428571428571,256.42857142857144,5.857142857142857,6.714285714285714,520.0,42.285714285714285,7.714285714285714,2.4285714285714284,79.57142857142857,14.857142857142856,7.7142857142857135,0.5714285714285714,4.571428571428571,29.714285714285715,1.8571428571428572,22.85714285714286,1.2857142857142856,14.428571428571427,8.285714285714286,1.4285714285714284,0.7142857142857142
2020-04-28,0.0,8.428571428571427,2.142857142857143,9.571428571428571,77.14285714285714,24.0,94.85714285714285,11.142857142857142,12.571428571428571,43.42857142857142,33.99999999999999,0.8571428571428571,7.57142857142857,1.7142857142857142,93.85714285714285,40.28571428571429,2.571428571428571,7.714285714285715,56.57142857142857,170.28571428571428,51.99999999999999,2.142857142857143,145.7142857142857,20.14285714285714,18.285714285714285,7.999999999999999,0.42857142857142855,16.857142857142854,0.8571428571428571,3.2857142857142856,2.571428571428571,275.7142857142857,6.7142857142857135,8.0,480.4285714285714,44.71428571428571,6.142857142857143,2.9999999999999996,66.42857142857143,15.428571428571427,9.714285714285714,0.42857142857142855,4.428571428571428,29.285714285714285,1.2857142857142856,24.0,1.0,13.571428571428571,9.857142857142858,1.7142857142857142,0.7142857142857142
2020-04-29,0.0,8.571428571428571,2.142857142857143,11.0,71.0,22.714285714285715,89.28571428571428,11.14285714285714,12.428571428571427,46.42857142857142,36.142857142857146,0.5714285714285714,8.285714285714285,1.2857142857142856,92.85714285714286,39.285714285714285,3.142857142857143,7.0,53.142857142857146,174.7142857142857,54.28571428571428,1.857142857142857,126.0,20.0,17.714285714285715,8.142857142857142,0.2857142857142857,16.71428571428571,0.7142857142857142,2.571428571428571,1.7142857142857142,263.8571428571428,5.857142857142857,8.285714285714285,466.1428571428571,44.428571428571416,6.285714285714286,3.285714285714285,102.42857142857142,15.428571428571427,12.999999999999998,0.5714285714285714,4.142857142857142,30.0,1.857142857142857,24.714285714285708,1.0,13.428571428571427,10.714285714285714,1.5714285714285712,0.14285714285714285
2020-04-30,0.0,10.0,2.2857142857142856,10.142857142857142,70.85714285714285,15.857142857142854,88.28571428571428,12.142857142857142,11.285714285714285,40.142857142857146,35.857142857142854,0.5714285714285714,9.428571428571429,0.8571428571428571,95.28571428571429,40.285714285714285,2.9999999999999996,6.999999999999999,43.714285714285715,171.7142857142857,55.99999999999999,1.2857142857142856,119.14285714285714,20.428571428571427,18.142857142857142,8.571428571428571,0.2857142857142857,17.857142857142854,0.5714285714285714,3.2857142857142856,3.0,289.1428571428571,6.428571428571428,6.857142857142857,427.4285714285714,42.99999999999999,6.142857142857142,2.8571428571428568,108.28571428571429,16.71428571428571,13.428571428571427,1.1428571428571428,4.142857142857142,29.142857142857142,1.5714285714285712,25.57142857142857,0.8571428571428571,12.714285714285714,10.714285714285712,1.4285714285714286,0.0
2020-05-01,0.0,11.428571428571429,2.4285714285714284,9.142857142857142,72.85714285714285,15.714285714285712,81.71428571428571,11.142857142857142,10.714285714285714,38.285714285714285,38.57142857142857,0.42857142857142855,9.0,1.2857142857142856,94.57142857142856,40.285714285714285,3.142857142857143,6.57142857142857,44.285714285714285,165.7142857142857,40.285714285714285,1.1428571428571428,114.57142857142856,21.285714285714285,16.428571428571427,10.285714285714285,0.2857142857142857,17.857142857142854,1.1428571428571428,3.285714285714285,4.0,295.57142857142856,6.7142857142857135,7.0,402.1428571428571,43.142857142857146,6.0,2.571428571428571,128.85714285714286,16.57142857142857,14.14285714285714,1.5714285714285714,5.142857142857142,30.714285714285715,1.0,24.28571428571428,0.857142857142857,12.57142857142857,10.857142857142856,1.9999999999999998,0.0
2020-05-02,0.0,11.285714285714286,3.4285714285714284,8.142857142857142,71.0,15.14285714285714,81.57142857142857,10.714285714285714,11.285714285714285,44.142857142857146,38.57142857142857,0.42857142857142855,8.999999999999998,1.1428571428571428,97.7142857142857,40.57142857142857,3.142857142857143,6.1428571428571415,40.857142857142854,159.42857142857144,53.714285714285715,1.2857142857142856,126.42857142857142,21.428571428571427,16.57142857142857,10.0,0.2857142857142857,18.0,1.1428571428571428,3.285714285714285,4.428571428571429,289.71428571428567,6.428571428571429,7.142857142857142,380.5714285714285,44.71428571428571,6.285714285714285,3.142857142857143,129.71428571428572,18.0,14.428571428571427,1.5714285714285714,4.428571428571429,36.42857142857143,1.1428571428571428,25.71428571428571,0.7142857142857142,11.857142857142856,10.714285714285714,2.2857142857142856,0.0
2020-05-03,0.0,10.142857142857144,3.571428571428571,12.428571428571429,72.42857142857143,14.714285714285715,73.14285714285714,10.428571428571429,11.14285714285714,43.42857142857143,38.285714285714285,0.42857142857142855,9.428571428571429,1.1428571428571428,97.85714285714286,40.714285714285715,3.285714285714285,6.428571428571428,40.42857142857142,157.85714285714286,53.0,0.9999999999999998,107.57142857142857,20.857142857142854,16.0,10.857142857142856,0.2857142857142857,15.714285714285714,1.1428571428571428,3.142857142857143,3.714285714285714,303.7142857142857,7.428571428571428,7.428571428571429,362.4285714285714,43.714285714285715,6.142857142857142,2.4285714285714284,130.2857142857143,19.0,14.428571428571427,1.4285714285714284,4.142857142857143,36.0,1.2857142857142856,30.14285714285714,0.9999999999999999,10.714285714285712,10.714285714285714,2.0,0.0
2020-05-04,0.0,10.0,4.142857142857142,12.428571428571429,73.14285714285714,14.285714285714285,77.71428571428571,10.428571428571429,10.714285714285714,44.42857142857143,35.857142857142854,0.14285714285714285,8.714285714285714,1.1428571428571428,96.57142857142857,40.14285714285714,4.285714285714286,6.857142857142858,46.285714285714285,155.28571428571428,53.142857142857146,0.857142857142857,106.71428571428572,20.142857142857142,14.714285714285714,11.57142857142857,0.2857142857142857,14.571428571428571,0.857142857142857,3.142857142857143,3.714285714285714,292.2857142857143,8.142857142857142,8.428571428571429,345.7142857142857,41.28571428571429,5.857142857142856,2.4285714285714284,136.85714285714286,20.142857142857142,15.14285714285714,1.4285714285714284,5.0,36.42857142857143,1.2857142857142856,31.999999999999996,0.7142857142857142,10.714285714285714,10.285714285714286,2.0,0.0
2020-05-05,0.0,10.428571428571429,3.714285714285714,17.142857142857142,75.71428571428571,13.142857142857142,78.0,10.571428571428571,10.714285714285714,42.857142857142854,37.57142857142857,0.14285714285714285,10.142857142857142,0.7142857142857142,101.28571428571428,40.57142857142857,4.857142857142857,7.142857142857142,44.857142857142854,151.28571428571428,53.42857142857143,1.4285714285714284,89.28571428571428,22.0,16.857142857142858,14.714285714285714,0.14285714285714285,15.57142857142857,0.857142857142857,3.142857142857143,4.571428571428571,279.8571428571429,8.142857142857142,7.285714285714286,336.14285714285717,38.85714285714286,5.714285714285714,1.9999999999999998,158.7142857142857,19.285714285714285,14.857142857142856,1.857142857142857,5.428571428571429,33.857142857142854,2.142857142857143,31.57142857142857,0.7142857142857142,11.142857142857144,9.0,1.4285714285714284,0.0
2020-05-06,0.14285714285714285,12.428571428571429,4.285714285714286,16.857142857142854,75.85714285714285,13.571428571428571,78.42857142857142,10.285714285714286,9.428571428571429,45.85714285714286,32.28571428571428,0.14285714285714285,10.142857142857142,0.857142857142857,108.42857142857142,40.57142857142857,4.285714285714286,7.0,46.0,145.0,51.285714285714285,1.4285714285714284,85.14285714285712,23.71428571428571,16.71428571428571,17.714285714285715,0.0,15.714285714285714,1.714285714285714,3.142857142857143,4.571428571428571,276.14285714285717,8.142857142857142,8.428571428571427,357.7142857142857,39.0,5.571428571428571,2.0,136.57142857142856,19.71428571428571,10.571428571428571,2.2857142857142856,6.285714285714285,33.0,1.8571428571428568,30.71428571428571,0.7142857142857142,11.857142857142858,7.571428571428571,1.714285714285714,0.0
2020-05-07,0.14285714285714285,13.857142857142856,3.7142857142857144,18.57142857142857,73.0,14.142857142857142,77.14285714285714,8.714285714285714,10.857142857142858,47.42857142857142,31.857142857142854,0.14285714285714285,9.857142857142856,0.9999999999999998,107.99999999999999,38.99999999999999,4.428571428571429,7.7142857142857135,43.28571428571428,141.42857142857142,51.85714285714286,1.2857142857142856,80.71428571428571,23.57142857142857,17.428571428571427,19.285714285714285,0.0,15.285714285714285,1.714285714285714,3.0,6.0,246.14285714285714,7.0,7.7142857142857135,337.42857142857144,40.42857142857142,5.428571428571428,2.571428571428571,157.0,19.285714285714285,10.285714285714285,2.0,5.428571428571428,31.285714285714285,2.1428571428571423,30.999999999999993,0.5714285714285714,12.714285714285715,7.999999999999998,1.4285714285714284,0.0
2020-05-08,0.14285714285714285,13.428571428571427,3.4285714285714284,26.71428571428571,72.28571428571428,13.857142857142858,76.42857142857142,10.428571428571427,11.0,50.71428571428571,33.0,0.14285714285714285,10.428571428571427,0.5714285714285714,111.99999999999999,37.71428571428571,3.9999999999999996,7.428571428571427,36.714285714285715,140.85714285714283,68.57142857142857,1.1428571428571428,77.85714285714286,23.428571428571427,18.428571428571427,18.285714285714285,0.0,15.857142857142858,1.4285714285714284,2.4285714285714284,5.7142857142857135,223.28571428571428,7.142857142857143,6.857142857142856,330.57142857142856,38.99999999999999,5.142857142857142,2.8571428571428568,150.85714285714283,20.428571428571427,9.142857142857142,1.4285714285714284,5.285714285714286,31.42857142857143,2.1428571428571423,33.0,0.42857142857142855,13.0,8.714285714285714,0.857142857142857,0.0
2020-05-09,0.14285714285714285,14.571428571428571,2.2857142857142856,28.857142857142854,73.57142857142857,13.999999999999998,70.85714285714286,10.142857142857142,9.857142857142858,50.14285714285714,32.285714285714285,0.14285714285714285,11.0,0.42857142857142855,112.85714285714286,36.14285714285714,4.571428571428571,7.999999999999999,39.14285714285714,142.0,51.85714285714286,1.1428571428571426,76.14285714285714,23.428571428571427,17.857142857142858,18.57142857142857,0.0,17.142857142857142,1.5714285714285712,2.4285714285714284,6.714285714285714,214.7142857142857,7.571428571428571,8.285714285714285,321.14285714285717,38.714285714285715,4.571428571428571,2.571428571428571,150.85714285714283,19.142857142857142,8.999999999999998,1.857142857142857,4.714285714285714,27.142857142857142,2.4285714285714284,30.0,0.2857142857142857,12.857142857142856,8.571428571428571,0.5714285714285714,0.0
2020-05-10,0.14285714285714285,14.714285714285714,2.142857142857143,24.857142857142858,73.28571428571428,13.285714285714285,75.85714285714286,10.285714285714285,9.714285714285714,48.857142857142854,31.714285714285708,0.0,11.571428571428573,0.42857142857142855,112.57142857142857,35.857142857142854,4.285714285714285,7.285714285714285,39.142857142857146,139.28571428571428,51.857142857142854,0.9999999999999998,74.99999999999999,22.857142857142854,17.57142857142857,18.142857142857142,0.0,18.57142857142857,1.4285714285714284,1.7142857142857142,6.714285714285714,215.1428571428571,7.0,7.428571428571428,305.71428571428567,37.42857142857142,4.857142857142857,2.571428571428571,151.4285714285714,18.142857142857142,8.0,1.857142857142857,4.714285714285714,28.28571428571428,2.4285714285714284,25.571428571428573,0.0,13.428571428571427,8.857142857142856,0.8571428571428571,0.0
2020-05-11,0.14285714285714285,15.0,2.0,25.714285714285715,75.42857142857142,11.285714285714285,64.57142857142857,9.999999999999998,9.999999999999998,47.99999999999999,28.28571428571428,0.0,11.857142857142858,0.8571428571428571,114.28571428571428,36.285714285714285,3.4285714285714284,7.142857142857142,34.85714285714286,145.42857142857142,52.285714285714285,1.1428571428571426,66.71428571428572,23.428571428571427,18.285714285714285,17.857142857142858,0.0,19.0,1.5714285714285712,2.8571428571428568,6.714285714285714,219.1428571428571,7.428571428571429,6.7142857142857135,284.42857142857144,37.0,5.142857142857142,2.9999999999999996,137.28571428571428,17.71428571428571,9.0,1.857142857142857,4.571428571428571,27.999999999999996,2.571428571428571,23.714285714285715,0.14285714285714285,12.714285714285715,8.57142857142857,0.8571428571428571,0.0
2020-05-12,0.14285714285714285,17.142857142857142,1.7142857142857142,23.857142857142858,72.57142857142857,13.57142857142857,58.28571428571428,10.285714285714285,9.999999999999998,43.99999999999999,28.42857142857143,0.0,11.714285714285714,0.5714285714285714,109.57142857142856,36.285714285714285,3.2857142857142856,6.571428571428571,33.14285714285714,132.71428571428572,52.285714285714285,0.5714285714285714,73.28571428571429,22.71428571428571,15.714285714285714,16.428571428571427,0.0,18.285714285714285,1.8571428571428568,3.1428571428571423,7.142857142857142,198.99999999999997,8.142857142857142,7.285714285714285,276.2857142857142,37.142857142857146,4.428571428571428,2.4285714285714284,103.85714285714285,18.57142857142857,8.428571428571429,2.142857142857143,5.428571428571428,30.28571428571428,2.4285714285714284,25.571428571428573,0.14285714285714285,13.142857142857142,8.714285714285714,1.4285714285714284,0.0
2020-05-13,0.0,15.285714285714285,1.4285714285714284,24.142857142857142,71.99999999999999,13.142857142857142,58.14285714285714,10.428571428571429,11.857142857142858,41.14285714285714,27.142857142857146,0.0,12.428571428571429,0.42857142857142855,116.85714285714285,33.99999999999999,3.428571428571428,5.428571428571429,30.57142857142857,127.85714285714286,53.142857142857146,0.5714285714285714,68.57142857142857,21.857142857142858,16.57142857142857,12.999999999999998,0.0,19.0,1.2857142857142856,3.5714285714285707,8.285714285714285,180.1428571428571,8.857142857142856,6.0,221.71428571428572,36.42857142857143,3.571428571428571,2.7142857142857144,106.0,17.428571428571427,8.142857142857142,1.4285714285714284,4.857142857142857,30.0,2.4285714285714284,27.285714285714285,0.14285714285714285,12.142857142857142,9.0,1.1428571428571428,0.0
2020-05-14,0.0,14.857142857142854,1.5714285714285712,24.857142857142858,76.14285714285714,13.714285714285714,60.285714285714285,10.428571428571427,11.285714285714283,39.28571428571428,27.142857142857142,0.0,12.428571428571427,0.7142857142857142,116.71428571428571,35.42857142857142,3.4285714285714284,4.857142857142857,29.857142857142854,132.85714285714283,51.857142857142854,1.0,66.14285714285714,23.428571428571427,14.857142857142856,11.999999999999998,0.0,18.285714285714285,1.2857142857142856,1.7142857142857142,5.285714285714286,175.57142857142856,9.999999999999998,5.142857142857142,212.28571428571428,34.57142857142857,3.4285714285714284,2.2857142857142856,97.57142857142857,16.571428571428573,7.857142857142857,1.7142857142857142,7.142857142857142,35.0,1.9999999999999996,26.71428571428571,0.0,11.285714285714285,9.285714285714285,1.2857142857142856,0.0
2020-05-15,0.0,14.285714285714285,1.4285714285714284,19.142857142857142,74.85714285714286,15.571428571428571,58.714285714285715,9.142857142857142,10.999999999999998,35.42857142857142,26.857142857142858,0.0,13.285714285714285,0.7142857142857142,116.85714285714285,36.14285714285714,3.571428571428571,4.857142857142857,31.571428571428566,127.14285714285714,50.142857142857146,0.8571428571428571,63.428571428571416,22.57142857142857,13.999999999999998,12.0,0.0,19.571428571428573,1.2857142857142856,3.2857142857142856,5.428571428571429,179.99999999999997,10.285714285714285,7.0,204.4285714285714,35.42857142857142,2.714285714285714,1.857142857142857,99.14285714285714,15.428571428571427,8.571428571428571,1.857142857142857,7.0,37.857142857142854,2.285714285714285,23.71428571428571,0.0,10.714285714285712,7.857142857142857,1.7142857142857142,0.0
2020-05-16,0.0,13.571428571428571,1.4285714285714284,21.0,74.14285714285714,15.857142857142858,58.142857142857146,9.142857142857142,11.857142857142856,35.57142857142857,27.857142857142854,0.0,13.428571428571429,0.857142857142857,111.42857142857142,35.714285714285715,3.0,4.285714285714286,30.28571428571428,123.57142857142857,49.0,0.857142857142857,51.0,21.57142857142857,13.999999999999998,12.714285714285714,0.0,17.857142857142858,0.9999999999999999,4.714285714285714,5.714285714285714,172.57142857142856,9.714285714285714,4.857142857142857,196.7142857142857,34.57142857142857,2.571428571428571,1.4285714285714286,99.42857142857142,15.428571428571427,7.142857142857142,1.4285714285714284,7.571428571428572,38.42857142857142,1.714285714285714,25.142857142857142,0.0,10.285714285714285,7.714285714285714,1.7142857142857142,0.0
2020-05-17,0.0,13.571428571428571,1.0,20.57142857142857,73.42857142857143,16.28571428571429,63.0,8.571428571428571,11.714285714285715,36.0,29.14285714285714,0.0,12.285714285714285,0.857142857142857,110.14285714285714,35.142857142857146,3.0,4.285714285714286,29.285714285714285,116.85714285714285,49.71428571428571,0.857142857142857,48.714285714285715,21.857142857142854,13.428571428571427,13.0,0.0,17.428571428571427,1.1428571428571428,4.714285714285714,5.571428571428571,165.14285714285714,9.285714285714285,5.714285714285714,190.0,34.857142857142854,2.2857142857142856,1.4285714285714286,96.85714285714285,14.857142857142856,7.7142857142857135,1.4285714285714284,7.857142857142858,37.85714285714285,1.8571428571428568,24.428571428571427,0.14285714285714285,9.571428571428571,7.0,1.857142857142857,0.14285714285714285
2020-05-18,0.0,12.285714285714285,0.8571428571428571,20.71428571428571,69.71428571428571,16.857142857142858,63.14285714285714,9.142857142857144,11.0,37.42857142857143,29.28571428571428,0.0,12.0,0.5714285714285714,110.71428571428571,34.99999999999999,2.571428571428571,5.0,36.42857142857143,107.71428571428571,48.57142857142857,0.857142857142857,48.0,21.285714285714285,13.285714285714285,13.142857142857142,0.0,16.857142857142854,1.1428571428571428,3.571428571428571,5.571428571428571,163.85714285714286,8.857142857142856,6.571428571428571,232.28571428571428,36.57142857142857,1.9999999999999998,1.1428571428571428,94.99999999999999,15.285714285714285,6.428571428571428,1.4285714285714284,7.142857142857143,36.14285714285714,1.714285714285714,23.571428571428573,0.14285714285714285,9.571428571428571,7.285714285714285,1.9999999999999998,0.42857142857142855
2020-05-19,0.0,9.857142857142858,0.9999999999999999,20.42857142857143,73.0,15.428571428571427,61.57142857142857,9.142857142857142,11.0,38.99999999999999,25.285714285714285,0.0,11.14285714285714,0.7142857142857142,111.14285714285714,33.714285714285715,2.142857142857143,6.428571428571428,33.42857142857143,113.85714285714285,46.42857142857142,1.1428571428571428,49.42857142857142,20.428571428571427,13.857142857142858,13.857142857142858,0.0,13.285714285714286,0.9999999999999998,3.2857142857142856,4.285714285714286,156.14285714285714,8.142857142857142,5.285714285714285,228.7142857142857,35.71428571428571,2.142857142857143,1.4285714285714284,99.99999999999999,13.714285714285714,6.285714285714285,0.9999999999999999,5.857142857142857,36.714285714285715,2.142857142857143,21.428571428571427,0.14285714285714285,8.285714285714285,7.0,1.4285714285714284,0.42857142857142855
2020-05-20,0.0,10.285714285714286,1.4285714285714284,21.71428571428571,74.85714285714286,14.999999999999998,57.714285714285715,8.142857142857142,10.000000000000002,38.42857142857142,25.71428571428571,0.0,12.428571428571427,1.1428571428571428,104.71428571428571,34.285714285714285,1.9999999999999998,7.857142857142857,32.42857142857143,107.28571428571428,44.857142857142854,0.9999999999999999,50.14285714285714,21.142857142857142,12.428571428571427,15.0,0.0,14.428571428571427,1.2857142857142856,4.999999999999999,5.714285714285714,153.1428571428571,7.428571428571428,6.571428571428571,209.28571428571425,34.57142857142857,3.0,1.4285714285714284,95.0,14.999999999999998,6.428571428571427,0.9999999999999999,5.142857142857142,39.28571428571429,2.142857142857143,21.0,0.14285714285714285,7.999999999999999,7.857142857142857,1.5714285714285712,0.5714285714285714
2020-05-21,0.0,7.999999999999999,1.7142857142857142,19.999999999999996,73.14285714285714,12.857142857142858,52.00000000000001,7.714285714285714,9.0,38.42857142857142,32.857142857142854,0.0,13.142857142857142,0.7142857142857142,97.0,33.57142857142857,2.142857142857143,8.285714285714285,30.285714285714285,95.14285714285712,41.857142857142854,0.5714285714285714,49.57142857142857,20.85714285714286,12.0,14.285714285714286,0.0,13.285714285714285,1.5714285714285712,4.999999999999999,6.857142857142857,133.42857142857142,7.428571428571428,7.142857142857142,197.7142857142857,36.0,2.857142857142857,1.1428571428571428,83.57142857142857,15.714285714285714,6.428571428571428,0.7142857142857142,3.7142857142857135,32.857142857142854,2.4285714285714284,20.571428571428573,0.14285714285714285,8.142857142857142,7.857142857142857,1.4285714285714284,0.7142857142857142
2020-05-22,0.0,8.285714285714285,2.142857142857143,17.714285714285715,70.14285714285714,11.0,50.285714285714285,7.142857142857142,8.142857142857142,38.99999999999999,31.428571428571427,0.0,12.571428571428571,0.9999999999999999,93.71428571428571,31.428571428571427,1.714285714285714,8.428571428571429,31.428571428571427,90.85714285714285,42.285714285714285,0.8571428571428571,48.142857142857146,22.714285714285715,11.142857142857144,14.571428571428571,0.0,15.428571428571429,1.4285714285714284,4.857142857142857,6.428571428571428,124.85714285714285,7.0,6.142857142857142,171.0,34.14285714285714,3.142857142857143,1.4285714285714284,85.14285714285714,15.285714285714285,5.571428571428571,0.8571428571428571,3.571428571428571,27.285714285714285,2.2857142857142856,22.57142857142857,0.14285714285714285,7.142857142857142,8.571428571428571,1.1428571428571428,0.7142857142857142
2020-05-23,0.0,9.142857142857142,2.4285714285714284,17.428571428571427,70.14285714285714,10.0,48.0,7.428571428571428,7.571428571428571,38.42857142857143,32.0,0.0,14.285714285714285,0.8571428571428571,94.42857142857142,30.714285714285715,1.4285714285714284,8.142857142857142,26.999999999999996,85.57142857142857,40.85714285714286,0.9999999999999999,49.42857142857142,21.71428571428571,10.571428571428571,15.142857142857142,0.0,14.571428571428571,1.4285714285714284,3.4285714285714284,5.285714285714285,122.28571428571429,6.999999999999999,5.714285714285714,169.57142857142856,35.42857142857143,3.2857142857142856,1.4285714285714284,90.71428571428572,15.0,6.428571428571428,0.8571428571428571,4.857142857142857,24.142857142857142,2.7142857142857135,22.285714285714285,0.14285714285714285,7.285714285714286,9.714285714285715,1.1428571428571428,0.7142857142857142
2020-05-24,0.0,9.0,2.571428571428571,17.285714285714285,67.85714285714285,9.285714285714285,40.714285714285715,6.999999999999999,7.285714285714285,37.71428571428571,31.0,0.0,15.0,0.8571428571428571,96.99999999999999,28.571428571428573,1.4285714285714284,8.142857142857142,28.571428571428566,82.14285714285714,40.71428571428571,1.1428571428571428,48.857142857142854,20.999999999999996,10.0,14.857142857142858,0.0,14.000000000000002,1.4285714285714284,3.4285714285714284,5.285714285714286,115.57142857142858,7.428571428571427,4.285714285714286,164.28571428571428,34.14285714285714,3.2857142857142856,1.5714285714285712,91.71428571428572,14.714285714285714,7.142857142857143,0.8571428571428571,5.428571428571428,27.71428571428571,2.428571428571428,23.0,0.0,6.999999999999999,9.714285714285714,0.7142857142857142,0.5714285714285714
2020-05-25,0.0,11.0,2.4285714285714284,17.142857142857142,65.0,8.285714285714286,41.714285714285715,6.857142857142858,7.1428571428571415,36.42857142857143,28.42857142857143,0.0,14.428571428571427,0.7142857142857142,92.99999999999999,25.857142857142858,1.2857142857142856,6.428571428571429,18.285714285714285,79.14285714285714,39.857142857142854,1.0,47.28571428571428,21.428571428571427,8.428571428571429,15.428571428571429,0.0,13.85714285714286,1.4285714285714284,3.4285714285714284,5.428571428571429,105.85714285714288,7.142857142857142,5.142857142857142,112.71428571428572,32.57142857142857,3.571428571428571,1.4285714285714284,91.71428571428571,13.571428571428571,7.0,0.8571428571428571,5.285714285714286,28.28571428571428,2.5714285714285707,27.57142857142857,0.0,6.714285714285714,10.714285714285714,0.5714285714285714,0.2857142857142857
2020-05-26,0.0,10.857142857142858,2.4285714285714284,15.0,52.57142857142858,8.142857142857142,42.42857142857142,5.7142857142857135,6.999999999999999,29.57142857142857,31.571428571428573,0.0,15.714285714285714,0.7142857142857142,77.71428571428571,24.428571428571427,1.5714285714285714,3.9999999999999996,17.285714285714285,76.42857142857143,36.0,0.857142857142857,36.57142857142856,21.571428571428573,7.571428571428572,14.0,0.14285714285714285,15.42857142857143,1.2857142857142856,3.4285714285714284,6.0,92.14285714285714,7.0,5.142857142857142,89.28571428571429,30.714285714285715,3.571428571428571,1.1428571428571428,77.71428571428571,14.142857142857142,6.7142857142857135,0.5714285714285714,5.428571428571428,25.428571428571427,1.857142857142857,27.714285714285715,0.0,6.57142857142857,11.857142857142858,0.5714285714285714,0.42857142857142855
2020-05-27,0.0,8.714285714285714,1.8571428571428568,12.428571428571429,54.14285714285714,8.714285714285714,39.14285714285714,5.428571428571428,7.142857142857143,31.857142857142854,33.714285714285715,0.0,14.714285714285712,0.5714285714285714,79.71428571428572,22.0,1.5714285714285714,3.4285714285714284,16.428571428571427,68.71428571428572,38.42857142857143,1.1428571428571428,39.714285714285715,22.285714285714285,5.428571428571428,14.285714285714285,0.14285714285714285,16.857142857142858,0.9999999999999999,2.142857142857143,4.7142857142857135,88.99999999999999,6.571428571428572,3.571428571428571,105.57142857142857,30.28571428571429,3.2857142857142856,0.5714285714285714,71.28571428571428,12.428571428571427,8.428571428571427,1.1428571428571428,6.285714285714286,24.857142857142854,2.142857142857143,29.428571428571423,0.0,7.57142857142857,11.714285714285714,0.7142857142857142,0.42857142857142855
2020-05-28,0.0,8.857142857142856,2.142857142857143,13.714285714285714,54.42857142857142,8.857142857142856,34.714285714285715,5.857142857142858,7.571428571428571,31.428571428571423,28.285714285714285,0.0,13.714285714285714,0.7142857142857142,82.71428571428571,19.142857142857142,1.4285714285714284,3.2857142857142856,15.999999999999998,70.28571428571429,38.42857142857143,1.5714285714285714,35.142857142857146,22.71428571428571,6.0,16.142857142857142,0.14285714285714285,20.285714285714285,0.857142857142857,3.571428571428571,4.7142857142857135,84.99999999999999,5.857142857142856,3.2857142857142856,97.71428571428571,28.0,2.9999999999999996,0.8571428571428571,71.14285714285714,10.714285714285714,7.7142857142857135,0.8571428571428571,6.142857142857143,25.285714285714285,1.9999999999999998,33.99999999999999,0.14285714285714285,6.857142857142856,12.571428571428573,0.5714285714285714,0.42857142857142855
2020-05-29,0.0,9.857142857142856,2.714285714285714,15.857142857142856,56.71428571428571,7.857142857142856,32.99999999999999,6.0,7.857142857142858,31.857142857142854,25.571428571428573,0.0,14.285714285714285,0.42857142857142855,79.28571428571428,19.71428571428571,1.4285714285714284,3.8571428571428568,14.142857142857142,70.0,37.0,1.4285714285714284,35.857142857142854,22.142857142857142,5.57142857142857,16.428571428571427,0.14285714285714285,20.57142857142857,0.9999999999999999,2.4285714285714284,4.857142857142857,82.28571428571428,5.999999999999999,2.8571428571428568,99.85714285714285,27.28571428571429,3.1428571428571423,0.5714285714285714,63.0,10.857142857142856,9.142857142857142,1.2857142857142856,6.428571428571429,26.0,1.9999999999999998,31.71428571428571,0.14285714285714285,6.999999999999999,13.0,0.2857142857142857,0.42857142857142855
2020-05-30,0.0,9.857142857142856,2.571428571428571,14.714285714285712,56.285714285714285,7.285714285714286,33.857142857142854,4.999999999999999,7.571428571428571,30.57142857142857,25.999999999999996,0.0,12.142857142857142,0.42857142857142855,77.14285714285714,19.428571428571427,1.4285714285714284,5.7142857142857135,16.857142857142858,66.28571428571428,38.0,1.7142857142857142,34.857142857142854,24.999999999999996,7.142857142857142,15.285714285714285,0.14285714285714285,21.57142857142857,1.1428571428571428,3.2857142857142856,4.285714285714286,83.0,6.142857142857143,4.285714285714286,86.85714285714286,24.142857142857142,3.2857142857142856,0.8571428571428571,59.142857142857146,10.714285714285712,8.857142857142856,1.7142857142857142,4.999999999999999,30.71428571428571,2.142857142857143,30.142857142857142,0.14285714285714285,5.999999999999999,12.714285714285714,0.42857142857142855,0.5714285714285714
2020-05-31,0.0,11.285714285714283,2.4285714285714284,15.14285714285714,58.57142857142857,7.428571428571428,35.857142857142854,4.857142857142857,6.857142857142857,30.571428571428573,32.285714285714285,0.0,11.285714285714286,0.42857142857142855,76.28571428571429,19.71428571428571,1.4285714285714284,5.7142857142857135,14.285714285714283,67.71428571428571,36.42857142857142,1.5714285714285714,37.857142857142854,24.57142857142857,6.999999999999999,15.571428571428571,0.14285714285714285,21.857142857142854,1.1428571428571428,3.2857142857142856,5.142857142857142,84.42857142857142,5.571428571428571,5.285714285714286,80.71428571428571,24.57142857142857,3.2857142857142856,0.7142857142857142,58.28571428571429,10.0,8.428571428571427,1.7142857142857142,3.999999999999999,25.571428571428566,2.2857142857142856,29.142857142857146,0.14285714285714285,5.57142857142857,12.285714285714285,0.42857142857142855,0.5714285714285714
2020-06-01,0.0,11.428571428571427,2.2857142857142856,15.857142857142856,63.42857142857142,7.7142857142857135,32.57142857142857,3.999999999999999,6.428571428571428,29.714285714285715,35.14285714285714,0.0,14.142857142857144,0.42857142857142855,75.28571428571428,19.428571428571427,1.4285714285714284,6.857142857142856,15.714285714285712,88.42857142857142,35.71428571428571,1.5714285714285714,39.857142857142854,24.28571428571428,6.428571428571429,14.857142857142856,0.14285714285714285,22.57142857142857,0.9999999999999998,3.2857142857142856,5.0,86.57142857142856,5.999999999999999,3.2857142857142856,80.42857142857143,24.999999999999996,3.0,0.857142857142857,58.142857142857146,9.285714285714285,8.571428571428571,1.7142857142857142,4.142857142857142,25.14285714285714,2.142857142857143,26.28571428571429,0.14285714285714285,5.714285714285714,11.142857142857142,0.5714285714285714,0.7142857142857142
2020-06-02,0.0,10.428571428571429,2.4285714285714284,19.0,72.28571428571428,6.428571428571427,29.0,4.285714285714285,5.142857142857143,38.714285714285715,29.428571428571427,0.0,12.0,0.5714285714285714,85.99999999999999,19.428571428571427,1.7142857142857142,6.857142857142858,18.999999999999996,87.42857142857142,37.714285714285715,2.142857142857143,41.28571428571428,24.857142857142854,6.571428571428572,16.428571428571427,0.0,22.857142857142858,1.5714285714285712,3.2857142857142856,5.999999999999999,86.42857142857142,5.999999999999999,3.2857142857142856,87.85714285714286,25.142857142857142,3.0,1.2857142857142856,69.71428571428572,8.571428571428571,7.857142857142856,1.7142857142857142,5.428571428571428,27.999999999999996,1.714285714285714,24.428571428571427,0.14285714285714285,5.7142857142857135,9.57142857142857,0.8571428571428571,0.5714285714285714
2020-06-03,0.0,10.0,3.142857142857143,21.285714285714285,67.71428571428571,5.857142857142857,26.571428571428566,3.9999999999999996,4.285714285714286,35.285714285714285,27.142857142857142,0.0,11.142857142857142,0.2857142857142857,76.85714285714285,21.0,1.857142857142857,7.142857142857142,21.0,86.42857142857142,35.57142857142857,1.9999999999999998,34.14285714285714,22.14285714285714,8.0,15.999999999999998,0.0,22.14285714285714,1.4285714285714284,2.4285714285714284,6.0,81.0,6.571428571428571,4.142857142857142,69.85714285714285,25.57142857142857,2.714285714285714,1.5714285714285712,66.42857142857142,8.714285714285715,7.428571428571429,1.1428571428571428,5.0,26.71428571428571,1.7142857142857142,21.0,0.14285714285714285,4.857142857142857,8.857142857142856,0.5714285714285714,0.42857142857142855
2020-06-04,0.0,8.857142857142856,3.714285714285714,19.857142857142858,66.28571428571428,6.571428571428571,25.857142857142854,3.1428571428571423,4.857142857142857,34.714285714285715,25.142857142857142,0.0,11.0,0.14285714285714285,78.57142857142857,21.57142857142857,1.857142857142857,7.0,20.285714285714285,80.14285714285714,34.28571428571428,1.5714285714285712,32.42857142857143,21.285714285714285,6.428571428571428,14.428571428571427,0.0,18.57142857142857,1.2857142857142856,3.4285714285714284,5.857142857142858,83.85714285714286,6.857142857142856,3.4285714285714284,84.28571428571429,25.71428571428571,2.714285714285714,1.1428571428571428,63.99999999999999,9.285714285714285,7.857142857142858,1.4285714285714284,6.428571428571428,28.714285714285708,1.5714285714285714,15.285714285714286,0.0,5.857142857142857,7.428571428571427,0.7142857142857142,0.2857142857142857
2020-06-05,0.0,9.428571428571427,2.8571428571428568,18.428571428571427,65.42857142857142,5.857142857142857,24.285714285714285,2.7142857142857144,4.428571428571428,35.285714285714285,26.71428571428572,0.0,9.857142857142858,0.14285714285714285,75.0,21.428571428571427,2.4285714285714284,6.857142857142856,20.71428571428571,73.85714285714286,33.71428571428571,1.857142857142857,37.57142857142857,21.857142857142858,6.57142857142857,13.285714285714285,0.14285714285714285,13.714285714285714,1.7142857142857142,3.2857142857142856,5.714285714285714,77.42857142857142,6.142857142857142,4.285714285714286,75.14285714285715,24.285714285714285,2.285714285714285,1.4285714285714284,60.857142857142854,9.142857142857142,8.0,0.7142857142857142,6.857142857142857,29.428571428571423,1.857142857142857,13.714285714285714,0.0,5.714285714285714,7.571428571428571,1.4285714285714284,0.2857142857142857
2020-06-06,0.0,10.142857142857142,2.9999999999999996,19.857142857142854,66.71428571428571,5.857142857142857,20.428571428571427,3.0,3.8571428571428568,34.42857142857142,24.85714285714286,0.0,9.714285714285714,0.14285714285714285,76.28571428571429,19.571428571428566,2.571428571428571,5.571428571428571,19.857142857142858,74.42857142857142,33.0,1.2857142857142856,30.285714285714285,20.71428571428571,5.142857142857142,12.571428571428571,0.14285714285714285,14.142857142857144,1.714285714285714,2.4285714285714284,6.428571428571429,70.71428571428571,5.857142857142857,2.857142857142857,67.85714285714286,24.57142857142857,1.8571428571428568,1.1428571428571428,55.14285714285714,8.285714285714285,8.285714285714286,0.42857142857142855,7.571428571428571,26.71428571428571,1.2857142857142856,13.0,0.0,6.0,6.428571428571429,1.2857142857142856,0.14285714285714285
2020-06-07,0.0,8.857142857142858,2.9999999999999996,20.57142857142857,65.28571428571428,5.857142857142857,18.142857142857142,3.2857142857142856,3.8571428571428563,35.57142857142857,18.142857142857142,0.0,10.0,0.14285714285714285,73.42857142857143,19.28571428571428,2.571428571428571,5.571428571428571,20.714285714285715,67.14285714285714,30.999999999999996,1.4285714285714284,28.0,20.999999999999996,5.142857142857142,11.857142857142856,0.14285714285714285,13.571428571428571,1.5714285714285712,2.4285714285714284,5.857142857142858,71.14285714285714,5.714285714285714,3.0,72.57142857142857,21.857142857142858,1.9999999999999996,1.4285714285714284,54.28571428571428,8.428571428571427,7.428571428571428,0.42857142857142855,7.714285714285714,26.0,1.1428571428571428,13.857142857142858,0.0,6.7142857142857135,6.428571428571429,1.2857142857142856,0.14285714285714285
2020-06-08,0.0,10.285714285714285,3.1428571428571423,19.28571428571428,62.57142857142856,5.857142857142856,16.285714285714285,3.285714285714285,3.8571428571428568,36.0,16.285714285714285,0.0,8.857142857142856,0.14285714285714285,73.14285714285714,18.857142857142854,2.714285714285714,4.714285714285714,20.428571428571427,45.42857142857142,31.999999999999996,1.4285714285714284,26.285714285714285,21.142857142857142,5.57142857142857,14.0,0.14285714285714285,13.285714285714286,1.5714285714285712,2.571428571428571,5.857142857142858,72.57142857142857,5.428571428571428,3.571428571428571,63.71428571428571,19.857142857142854,1.9999999999999996,1.4285714285714284,53.85714285714285,8.285714285714285,8.142857142857142,0.42857142857142855,7.714285714285714,26.714285714285715,1.5714285714285714,12.142857142857142,0.0,7.428571428571429,6.142857142857142,1.1428571428571428,0.0
2020-06-09,0.14285714285714285,10.857142857142856,3.571428571428571,19.0,63.42857142857142,5.142857142857142,17.857142857142858,3.571428571428571,4.285714285714285,33.57142857142857,26.142857142857142,0.0,9.285714285714285,0.2857142857142857,70.42857142857142,19.57142857142857,2.142857142857143,5.0,17.428571428571427,46.14285714285714,30.57142857142857,0.857142857142857,22.285714285714285,20.857142857142858,5.285714285714285,11.428571428571427,0.14285714285714285,15.285714285714286,1.0,2.714285714285714,4.285714285714286,78.42857142857143,5.285714285714285,4.142857142857142,58.285714285714285,18.857142857142854,2.142857142857143,1.7142857142857142,47.71428571428571,6.999999999999999,9.571428571428571,0.8571428571428571,7.714285714285715,24.142857142857146,2.0,12.714285714285714,0.0,7.285714285714286,6.142857142857142,0.8571428571428571,0.0
2020-06-10,0.14285714285714285,12.999999999999998,3.2857142857142856,16.857142857142858,68.71428571428571,4.571428571428571,18.71428571428571,3.7142857142857135,3.999999999999999,33.57142857142857,29.428571428571427,0.0,8.142857142857142,0.2857142857142857,67.71428571428571,18.285714285714285,2.0,4.857142857142857,14.0,43.14285714285714,29.0,0.7142857142857142,19.857142857142854,24.28571428571428,4.857142857142858,12.285714285714285,0.14285714285714285,12.999999999999998,0.9999999999999998,2.9999999999999996,5.142857142857142,73.42857142857142,4.999999999999999,2.5714285714285707,59.0,16.57142857142857,2.142857142857143,1.4285714285714284,44.42857142857143,5.999999999999999,8.142857142857142,1.0,6.857142857142858,24.142857142857142,1.5714285714285714,12.285714285714285,0.0,6.714285714285714,7.0,1.0,0.14285714285714285
2020-06-11,0.14285714285714285,14.57142857142857,2.8571428571428568,19.428571428571427,66.85714285714286,3.571428571428571,19.857142857142858,3.8571428571428563,2.571428571428571,34.42857142857142,32.285714285714285,0.0,8.142857142857142,0.2857142857142857,64.14285714285714,17.142857142857142,2.2857142857142856,5.0,14.857142857142856,41.57142857142857,29.57142857142857,0.7142857142857142,20.857142857142858,22.0,4.571428571428571,10.571428571428571,0.14285714285714285,14.285714285714285,1.1428571428571426,3.571428571428571,4.999999999999999,69.42857142857143,5.285714285714286,4.142857142857142,43.714285714285715,15.285714285714285,1.9999999999999996,1.714285714285714,40.0,5.142857142857142,9.0,1.2857142857142856,5.714285714285714,23.142857142857146,2.0,10.714285714285715,0.0,6.857142857142858,6.857142857142858,0.9999999999999998,0.14285714285714285
2020-06-12,0.2857142857142857,13.285714285714285,3.4285714285714284,20.142857142857142,61.85714285714286,3.4285714285714284,17.28571428571428,3.8571428571428568,2.285714285714285,31.0,34.857142857142854,0.0,7.285714285714286,0.5714285714285714,66.42857142857142,16.428571428571427,1.5714285714285714,4.428571428571428,12.0,43.285714285714285,28.285714285714285,0.2857142857142857,11.57142857142857,20.857142857142858,5.857142857142856,11.142857142857142,0.0,15.142857142857142,0.42857142857142855,3.9999999999999996,5.285714285714286,64.85714285714285,4.714285714285714,3.571428571428571,61.285714285714285,16.42857142857143,2.1428571428571423,1.714285714285714,37.57142857142857,3.857142857142857,7.7142857142857135,1.4285714285714284,8.571428571428571,24.857142857142854,2.7142857142857144,11.428571428571429,0.0,6.857142857142858,6.0,0.5714285714285714,0.14285714285714285
2020-06-13,0.2857142857142857,11.999999999999998,3.2857142857142856,20.857142857142858,63.857142857142854,3.1428571428571423,18.71428571428571,4.0,2.7142857142857135,33.857142857142854,38.42857142857143,0.0,7.285714285714285,0.5714285714285714,60.714285714285715,16.857142857142858,1.7142857142857144,4.142857142857142,11.285714285714285,41.0,26.571428571428573,0.2857142857142857,13.857142857142856,19.0,5.57142857142857,11.142857142857142,0.0,14.142857142857142,0.2857142857142857,3.9999999999999996,5.0,75.85714285714285,5.571428571428571,3.571428571428571,60.285714285714285,16.142857142857142,1.714285714285714,1.714285714285714,40.14285714285714,3.428571428571428,7.7142857142857135,1.4285714285714284,7.857142857142857,25.285714285714285,2.571428571428571,11.428571428571429,0.0,6.857142857142857,6.285714285714286,0.5714285714285714,0.14285714285714285
2020-06-14,0.2857142857142857,11.571428571428571,3.571428571428571,20.0,63.42857142857143,2.8571428571428568,18.57142857142857,3.7142857142857144,2.428571428571428,32.99999999999999,38.714285714285715,0.0,6.7142857142857135,0.5714285714285714,57.714285714285715,17.714285714285715,1.7142857142857144,4.142857142857142,11.142857142857142,43.99999999999999,27.142857142857142,0.14285714285714285,12.714285714285712,18.857142857142858,5.571428571428571,10.571428571428571,0.14285714285714285,14.285714285714283,0.2857142857142857,3.9999999999999996,4.857142857142857,71.28571428571428,5.571428571428571,3.571428571428571,52.285714285714285,17.285714285714285,1.5714285714285712,1.857142857142857,39.285714285714285,3.285714285714285,7.7142857142857135,1.4285714285714284,8.142857142857142,27.428571428571427,2.571428571428571,10.57142857142857,0.0,5.571428571428571,6.428571428571429,0.5714285714285714,0.14285714285714285
2020-06-15,0.2857142857142857,8.0,3.8571428571428568,21.428571428571427,62.00000000000001,2.571428571428571,17.142857142857142,3.428571428571429,2.2857142857142856,32.285714285714285,40.857142857142854,0.0,5.857142857142856,0.5714285714285714,57.42857142857143,17.285714285714285,1.4285714285714284,4.7142857142857135,10.571428571428571,41.99999999999999,24.42857142857143,0.2857142857142857,10.857142857142858,18.142857142857142,5.428571428571428,8.285714285714285,0.14285714285714285,14.14285714285714,0.2857142857142857,4.571428571428571,4.857142857142857,72.85714285714286,5.7142857142857135,3.285714285714285,48.57142857142857,17.0,1.5714285714285712,2.2857142857142856,41.714285714285715,3.428571428571428,6.428571428571428,1.4285714285714284,8.857142857142858,28.0,2.7142857142857144,10.714285714285714,0.0,4.428571428571428,7.0,0.5714285714285714,0.14285714285714285
2020-06-16,0.14285714285714285,7.999999999999999,3.8571428571428568,21.714285714285715,57.142857142857146,2.8571428571428563,16.142857142857142,3.571428571428571,1.8571428571428568,32.57142857142857,34.857142857142854,0.0,5.571428571428571,0.42857142857142855,54.285714285714285,15.857142857142856,1.2857142857142856,3.9999999999999996,12.142857142857142,36.71428571428571,24.428571428571427,0.14285714285714285,11.857142857142858,16.571428571428573,4.857142857142857,9.714285714285714,0.14285714285714285,14.428571428571427,0.2857142857142857,5.999999999999999,5.7142857142857135,71.85714285714286,6.142857142857142,2.9999999999999996,49.42857142857142,16.142857142857142,1.2857142857142856,1.8571428571428572,38.14285714285714,4.428571428571428,5.571428571428572,1.2857142857142856,8.285714285714286,32.57142857142857,2.571428571428571,10.571428571428571,0.0,4.857142857142856,7.1428571428571415,0.5714285714285714,0.14285714285714285
2020-06-17,0.14285714285714285,6.571428571428571,4.571428571428571,21.142857142857142,53.285714285714285,3.0,14.142857142857144,3.4285714285714284,1.9999999999999998,31.0,35.142857142857146,0.0,6.285714285714286,0.42857142857142855,55.714285714285715,15.857142857142856,0.9999999999999998,4.857142857142857,13.428571428571429,40.0,21.71428571428571,0.2857142857142857,12.000000000000002,12.857142857142858,7.285714285714285,9.999999999999998,0.2857142857142857,12.999999999999998,0.14285714285714285,6.142857142857142,4.142857142857142,67.14285714285714,6.0,3.428571428571428,43.57142857142857,16.14285714285714,1.1428571428571428,2.0,37.14285714285714,4.714285714285714,6.0,1.2857142857142856,8.714285714285714,33.857142857142854,3.0,9.857142857142856,0.0,5.57142857142857,6.7142857142857135,0.42857142857142855,0.0
2020-06-18,0.14285714285714285,7.857142857142857,5.285714285714286,21.142857142857142,57.42857142857143,2.8571428571428568,11.428571428571429,3.571428571428571,1.857142857142857,30.42857142857143,32.857142857142854,0.0,5.714285714285714,0.5714285714285714,50.285714285714285,17.285714285714285,1.1428571428571428,3.8571428571428568,10.714285714285714,39.714285714285715,20.142857142857142,0.2857142857142857,10.857142857142856,13.714285714285714,12.428571428571427,9.999999999999998,0.2857142857142857,11.714285714285714,0.14285714285714285,3.8571428571428568,3.285714285714286,62.57142857142857,5.142857142857142,2.2857142857142856,46.14285714285714,16.142857142857142,1.1428571428571428,2.2857142857142856,35.57142857142857,4.857142857142857,4.7142857142857135,0.7142857142857142,9.714285714285714,34.57142857142857,2.9999999999999996,9.428571428571429,0.14285714285714285,4.857142857142857,6.57142857142857,0.2857142857142857,0.0
2020-06-19,0.0,7.571428571428571,5.428571428571428,23.57142857142857,62.14285714285714,2.9999999999999996,11.285714285714285,3.4285714285714284,2.142857142857143,32.42857142857143,31.14285714285714,0.0,5.2857142857142865,0.2857142857142857,45.71428571428572,16.714285714285715,1.5714285714285714,3.571428571428571,12.571428571428571,37.42857142857143,18.57142857142857,0.2857142857142857,11.0,12.571428571428571,12.0,8.142857142857142,0.2857142857142857,11.571428571428571,0.2857142857142857,4.142857142857142,3.1428571428571423,60.142857142857146,6.285714285714285,2.571428571428571,27.42857142857143,15.000000000000002,1.0,2.142857142857143,34.0,5.0,6.571428571428571,1.0,7.999999999999999,33.57142857142857,2.2857142857142856,9.714285714285714,0.14285714285714285,5.142857142857142,5.7142857142857135,0.0,0.2857142857142857
2020-06-20,0.0,9.285714285714285,6.7142857142857135,22.42857142857143,61.71428571428571,3.1428571428571423,9.285714285714286,2.8571428571428568,1.7142857142857142,31.285714285714285,27.857142857142854,0.0,4.428571428571429,0.2857142857142857,48.00000000000001,16.285714285714285,1.5714285714285712,3.5714285714285707,14.285714285714285,35.99999999999999,18.0,0.2857142857142857,10.571428571428571,12.857142857142856,12.571428571428571,6.999999999999999,0.2857142857142857,12.571428571428571,0.2857142857142857,4.142857142857142,2.9999999999999996,44.14285714285714,4.999999999999999,3.428571428571428,35.142857142857146,13.14285714285714,1.2857142857142856,2.2857142857142856,29.428571428571427,5.142857142857142,6.428571428571428,0.8571428571428571,7.428571428571428,33.857142857142854,2.2857142857142856,9.428571428571427,0.14285714285714285,5.142857142857142,5.428571428571429,0.0,0.2857142857142857
2020-06-21,0.0,9.428571428571427,6.571428571428571,22.57142857142857,61.85714285714285,3.1428571428571423,8.428571428571429,2.571428571428571,2.0,32.857142857142854,27.428571428571423,0.0,4.857142857142858,0.2857142857142857,48.42857142857144,14.857142857142856,1.714285714285714,3.8571428571428563,13.0,33.42857142857143,18.142857142857142,0.2857142857142857,10.571428571428571,11.857142857142856,12.571428571428573,6.7142857142857135,0.14285714285714285,16.142857142857142,0.42857142857142855,4.142857142857142,2.714285714285714,41.0,4.857142857142857,3.4285714285714284,36.57142857142857,11.428571428571427,1.4285714285714284,1.9999999999999998,29.142857142857142,4.999999999999999,7.571428571428571,0.8571428571428571,7.285714285714285,32.857142857142854,2.714285714285714,9.285714285714285,0.14285714285714285,5.571428571428571,5.7142857142857135,0.14285714285714285,0.2857142857142857
2020-06-22,0.0,9.571428571428571,6.428571428571429,21.142857142857142,62.14285714285714,3.1428571428571423,8.428571428571427,2.8571428571428568,2.0,33.57142857142857,22.0,0.0,4.0,0.2857142857142857,49.28571428571429,14.999999999999998,1.714285714285714,2.9999999999999996,14.142857142857142,32.42857142857142,18.142857142857142,0.14285714285714285,11.285714285714285,11.57142857142857,12.857142857142858,11.857142857142856,0.2857142857142857,19.71428571428571,0.42857142857142855,4.142857142857143,2.714285714285714,39.285714285714285,4.142857142857142,3.428571428571428,36.714285714285715,11.857142857142858,1.4285714285714284,1.714285714285714,25.714285714285715,4.571428571428571,8.142857142857142,0.8571428571428571,6.857142857142857,33.0,2.142857142857143,9.714285714285715,0.14285714285714285,6.0,5.142857142857142,0.14285714285714285,0.2857142857142857
2020-06-23,0.0,11.285714285714285,7.0,23.999999999999996,60.42857142857142,3.428571428571428,9.571428571428571,2.4285714285714284,1.8571428571428572,35.0,23.714285714285715,0.0,3.4285714285714284,0.14285714285714285,44.142857142857146,13.428571428571427,1.9999999999999996,4.571428571428571,13.14285714285714,32.14285714285714,15.714285714285714,0.14285714285714285,10.714285714285712,11.571428571428571,13.428571428571427,10.571428571428571,0.2857142857142857,18.142857142857142,0.5714285714285714,3.571428571428571,2.428571428571428,34.57142857142857,4.142857142857142,3.5714285714285707,38.857142857142854,12.428571428571427,1.1428571428571428,1.4285714285714284,26.857142857142858,4.428571428571428,9.428571428571427,0.8571428571428571,6.999999999999999,30.285714285714285,2.5714285714285716,10.714285714285714,0.14285714285714285,6.285714285714286,4.714285714285714,0.5714285714285714,0.2857142857142857
2020-06-24,0.0,14.428571428571429,6.142857142857143,31.142857142857142,64.14285714285714,2.571428571428571,9.714285714285714,2.571428571428571,1.714285714285714,37.57142857142857,17.57142857142857,0.0,2.142857142857143,0.14285714285714285,40.71428571428571,12.428571428571429,1.9999999999999996,2.8571428571428568,12.857142857142858,29.14285714285714,15.999999999999996,0.14285714285714285,11.14285714285714,10.714285714285714,11.999999999999998,10.428571428571427,0.14285714285714285,20.57142857142857,0.5714285714285714,3.2857142857142856,2.4285714285714284,35.71428571428571,4.0,2.9999999999999996,39.42857142857143,11.714285714285714,1.1428571428571428,1.7142857142857142,28.28571428571428,4.285714285714286,9.428571428571429,0.857142857142857,8.428571428571427,31.571428571428573,1.9999999999999998,11.142857142857142,0.14285714285714285,5.857142857142858,4.285714285714286,0.5714285714285714,0.2857142857142857
2020-06-25,0.0,12.285714285714285,4.571428571428571,30.285714285714285,65.0,2.7142857142857144,10.285714285714285,2.2857142857142856,1.5714285714285712,38.0,20.0,0.0,2.2857142857142856,0.14285714285714285,39.0,10.714285714285714,1.5714285714285712,3.714285714285714,14.571428571428571,27.57142857142857,16.142857142857142,0.14285714285714285,10.285714285714285,9.285714285714285,7.142857142857143,11.14285714285714,0.14285714285714285,21.142857142857142,0.42857142857142855,2.9999999999999996,3.714285714285714,20.428571428571427,4.142857142857142,2.8571428571428568,39.57142857142857,11.142857142857142,1.2857142857142856,1.4285714285714284,27.999999999999996,3.4285714285714284,10.285714285714285,1.2857142857142856,8.285714285714286,33.857142857142854,1.7142857142857142,12.714285714285715,0.0,5.428571428571429,4.285714285714286,0.5714285714285714,0.2857142857142857
2020-06-26,0.2857142857142857,12.14285714285714,4.999999999999999,30.71428571428571,64.71428571428571,2.8571428571428568,9.857142857142858,2.285714285714285,1.2857142857142856,37.42857142857142,19.142857142857142,0.0,3.2857142857142856,0.14285714285714285,38.14285714285714,10.714285714285714,1.5714285714285714,4.428571428571428,15.14285714285714,30.428571428571427,16.0,0.14285714285714285,9.57142857142857,7.571428571428571,6.571428571428571,11.999999999999998,0.2857142857142857,20.857142857142858,0.2857142857142857,3.142857142857143,3.9999999999999996,21.71428571428571,3.571428571428571,2.714285714285714,40.142857142857146,10.714285714285715,1.4285714285714284,1.9999999999999998,25.71428571428571,3.142857142857143,7.857142857142858,1.0,7.571428571428571,36.42857142857142,1.5714285714285712,13.999999999999998,0.0,5.999999999999999,4.428571428571429,0.5714285714285714,0.0
2020-06-27,0.2857142857142857,11.57142857142857,5.0,33.42857142857143,56.57142857142857,2.9999999999999996,8.571428571428571,2.428571428571428,1.4285714285714284,35.14285714285714,19.142857142857142,0.14285714285714285,3.2857142857142856,0.2857142857142857,35.42857142857142,10.857142857142856,1.7142857142857142,4.285714285714286,12.285714285714285,30.42857142857143,15.0,0.2857142857142857,9.428571428571429,6.857142857142857,5.857142857142857,13.857142857142856,0.2857142857142857,19.714285714285715,0.2857142857142857,3.2857142857142856,3.9999999999999996,23.285714285714285,3.571428571428571,2.0,33.42857142857142,11.57142857142857,2.2857142857142856,1.857142857142857,26.428571428571423,3.2857142857142856,9.571428571428571,1.4285714285714286,8.571428571428571,39.42857142857142,1.714285714285714,16.71428571428571,0.0,6.428571428571428,4.999999999999999,0.7142857142857142,0.0
2020-06-28,0.2857142857142857,11.428571428571427,5.571428571428571,35.0,58.42857142857143,2.8571428571428568,7.999999999999999,2.4285714285714284,1.2857142857142856,36.857142857142854,19.285714285714285,0.14285714285714285,2.8571428571428568,0.2857142857142857,34.42857142857143,10.571428571428573,1.7142857142857142,4.571428571428571,13.428571428571427,28.857142857142858,14.571428571428571,0.2857142857142857,9.571428571428571,6.857142857142856,5.571428571428571,14.428571428571427,0.2857142857142857,15.285714285714285,0.2857142857142857,3.2857142857142856,3.9999999999999996,24.714285714285715,3.285714285714285,1.8571428571428572,32.0,12.999999999999998,2.2857142857142856,1.7142857142857142,26.285714285714285,3.857142857142857,9.0,1.4285714285714286,8.285714285714285,41.714285714285715,1.2857142857142856,17.285714285714285,0.0,6.285714285714285,4.714285714285714,0.5714285714285714,0.0
2020-06-29,0.2857142857142857,12.571428571428571,5.428571428571429,35.285714285714285,60.85714285714286,3.0,8.142857142857142,2.2857142857142856,1.1428571428571428,39.14285714285714,19.428571428571427,0.14285714285714285,3.571428571428571,0.2857142857142857,33.0,9.714285714285715,2.142857142857143,4.857142857142857,11.714285714285715,31.571428571428573,14.428571428571427,0.42857142857142855,9.142857142857142,7.7142857142857135,5.142857142857142,11.571428571428571,0.14285714285714285,11.285714285714283,0.2857142857142857,2.8571428571428568,3.9999999999999996,21.71428571428571,3.428571428571428,2.1428571428571423,31.28571428571428,12.857142857142858,2.2857142857142856,1.714285714285714,26.999999999999996,3.714285714285714,8.714285714285714,1.4285714285714286,8.714285714285714,44.42857142857143,1.4285714285714284,17.142857142857142,0.0,6.285714285714285,4.428571428571428,0.5714285714285714,0.0
2020-06-30,0.2857142857142857,12.285714285714285,4.714285714285714,35.57142857142857,67.28571428571429,2.8571428571428568,6.428571428571428,1.9999999999999996,1.2857142857142856,38.14285714285714,15.714285714285715,0.14285714285714285,3.857142857142857,0.42857142857142855,30.857142857142858,10.571428571428571,1.857142857142857,4.0,12.428571428571429,23.42857142857143,13.999999999999998,0.42857142857142855,12.0,7.285714285714286,4.428571428571428,12.0,0.14285714285714285,11.999999999999998,0.14285714285714285,2.571428571428571,4.0,20.285714285714285,3.0,2.142857142857143,16.857142857142858,12.0,2.2857142857142856,2.1428571428571423,26.71428571428571,3.4285714285714284,9.428571428571427,1.1428571428571428,8.857142857142856,45.857142857142854,1.2857142857142856,16.857142857142854,0.0,5.7142857142857135,3.9999999999999996,0.14285714285714285,0.0
2020-07-01,0.2857142857142857,11.571428571428571,5.285714285714286,36.85714285714286,64.14285714285715,3.8571428571428568,5.285714285714286,1.714285714285714,1.1428571428571426,38.42857142857143,18.42857142857143,0.14285714285714285,3.857142857142857,0.42857142857142855,25.857142857142854,10.857142857142856,2.2857142857142856,4.857142857142857,12.285714285714285,20.428571428571427,13.857142857142856,0.2857142857142857,11.999999999999998,7.1428571428571415,4.999999999999999,10.142857142857142,0.14285714285714285,10.428571428571429,0.2857142857142857,2.714285714285714,3.7142857142857135,19.142857142857142,2.8571428571428563,2.4285714285714284,16.142857142857142,13.285714285714286,2.4285714285714284,1.857142857142857,23.857142857142858,2.857142857142857,11.857142857142856,1.2857142857142856,7.571428571428571,49.14285714285714,1.4285714285714284,17.857142857142854,0.0,6.142857142857142,3.7142857142857144,0.14285714285714285,0.0
