R0,delta,theta_pi0,zeta,weight
4.414183457848415,-9.903933093341083,-8.70578095616527,0.013220970479831895,0.0009666582381804838
4.924999452140203,-9.914851510983777,-9.386603830149154,0.016175172279180413,0.0008972598219215952
4.3495791879223535,-9.933893035695093,-8.477233410553325,0.01388887285167451,0.0007971558511584983
4.950924939246879,-9.941353739376328,-9.497783064925379,0.01649456763014958,0.0011179554138393464
4.1502761201143334,-9.893050363080187,-8.278996136799641,0.013824876269753763,0.0009265909300875906
5.213710315046693,-9.944314860749369,-9.854839012173898,0.016841019880403728,0.0008140445116754497
3.98434502157555,-9.92698230367573,-8.035454735675847,0.011282991259734023,0.0008288853962066748
5.497810109122582,-9.946652401003501,-10.298127815355704,0.01748177243411358,0.0006736971712745308
4.6788665794083935,-9.936771522104314,-8.93392964496133,0.01482251589074792,0.0009476444920293681
4.230232125253482,-9.869790091875965,-8.289307303589023,0.013610232132143015,0.0009130842476098755
4.704052656479247,-9.921850921150698,-9.052907319168966,0.015117023059558159,0.0010323508136909807
4.0072834324401345,-9.965945402992547,-8.21101229466604,0.011898789154234791,0.0012456717100757947
4.754871558913665,-9.880142125243328,-9.211508516294561,0.015872708209379298,0.0009002218691779279
4.25424640793931,-9.949907052419926,-8.476440881616314,0.012041081715578196,0.001304580480843769
3.491117061699288,-9.889304649579799,-7.304736630679718,0.009518714795721672,0.0010574625002579682
3.6017788100520605,-9.87867918548867,-7.600127153714862,0.010846664755212957,0.0011527604357272172
4.834523727641525,-9.925317089494941,-9.558875545700962,0.015240228084527994,0.00085421167613189
4.652540582551399,-9.939556584591218,-9.281838998814806,0.015021886047913711,0.0007433273587650529
4.4964073042152375,-9.950211025913786,-8.711135618305992,0.013898995293826285,0.000805576667643632
3.743596669258907,-9.950843956838987,-7.809644803490572,0.010124938282277004,0.0012725457570034642
5.00371108385395,-9.893818455310255,-9.553178522993578,0.016191773103858186,0.0011050945182110895
3.9785682552103037,-9.887821590039563,-8.128762581986225,0.011368941852041296,0.0008940981913620795
3.8015829676058774,-9.958549802994607,-7.830447420101644,0.010813756248929378,0.0010394232622631594
4.010028139214614,-9.902136675093988,-8.02323634416806,0.013046873611089147,0.0010574541369402911
4.017341536310733,-9.915418122646257,-8.164819329603116,0.012658820878404259,0.001250360713829118
4.105403105720389,-9.854886593423423,-8.281154316443924,0.01309421590030039,0.0008203330696598025
3.6578450211435696,-9.953598297799592,-7.637192303367534,0.009896147534312946,0.0010101540598301318
4.050820530902433,-9.910418905048713,-8.273187877465334,0.012017087869577187,0.000913469762223833
5.417761875407712,-9.927432206831742,-10.079331462331512,0.01748055048475926,0.0008034029327486433
3.693045590126605,-9.86577773918509,-7.6118305747242765,0.011519896787290927,0.0015658408159190571
4.381028096772504,-9.935115715854728,-8.655235974650708,0.01432161283329051,0.0009134954607303977
4.901391041027438,-9.975422537485178,-9.41074938909159,0.01570198204273937,0.0010094747861557078
3.710852827651431,-9.860697029247829,-7.691320768701968,0.01072655048459633,0.0007696989905541428
4.77979187656115,-9.883105790804947,-9.262659622775212,0.01541199473080287,0.0009699528476176286
3.901668871534013,-9.864355843170845,-8.105070916737109,0.01218757027424421,0.0012484209153143587
4.32233512980499,-9.903588747943648,-8.388836597999045,0.01434238754856814,0.0008163064156128184
4.967238903537071,-9.921802135057808,-9.702432066106462,0.016007010300033927,0.0008709590425758213
4.017398492582836,-9.867945512348385,-8.28226233707515,0.012522033291186402,0.0012540864046189345
4.743191513189657,-9.938680493649679,-9.426473995886498,0.015130882461221446,0.000707309686908621
4.96140882369216,-9.951762848918895,-9.689633567546192,0.016029740703592543,0.0006430999817661218
4.4928133534420125,-9.915809580935596,-8.724937469264285,0.014742501698839264,0.00088552599170266
4.573499945079943,-9.964826796241809,-8.955768596604468,0.013379383680200611,0.0012436694100242541
3.858159851068996,-9.966207587698504,-7.901812650530937,0.010886335658276604,0.0008859909537169251
4.777045140481206,-9.95912556015972,-9.262474193714842,0.015695054947761217,0.0009375898437704549
4.075467378136669,-9.886210068101903,-8.130005934109082,0.01318438379271332,0.0010583567766193783
4.953030154233827,-9.9758699607659,-9.427064586261919,0.015772730097326396,0.0011704552881262118
3.7423557937704865,-9.91357422244335,-7.64203270612999,0.010589332126358802,0.0009032318811306165
4.580208920287397,-9.898955849685887,-8.872319844510578,0.0151193073895957,0.0008757546555638159
3.866409703145278,-9.9289028267423,-8.07884718063626,0.011451692850196463,0.0010908886184068207
4.618830661214114,-9.965644420327008,-9.033330337619544,0.014984032770867736,0.0007749732163826936
3.9525852574230305,-9.908252081199903,-7.948399912511291,0.011755448194003268,0.0008560919226062436
5.3033868132302056,-9.967449624028955,-10.042812253473338,0.017002215623833954,0.0008467872988452198
4.260909209501686,-9.916675744355572,-8.423606519196154,0.012684584784022993,0.0009637052860881784
4.88303483120948,-9.929187075185943,-9.284457906504274,0.016151677657205307,0.001006082978876921
5.006563531343256,-9.917725611389557,-9.580646903944604,0.016308231666353916,0.000871820864228918
4.535518815423872,-9.880072327877464,-8.886955434856437,0.01532924996308587,0.0010070969890008104
5.2166083976032125,-9.937336993125875,-9.931833359138173,0.01614787396713148,0.0007947612673229578
4.556117377027748,-9.912246668606075,-9.109820411467046,0.014973448153072909,0.0010853108201277402
3.6446055384613834,-9.897292171297371,-7.640925311762533,0.010305274378973887,0.0009321982352698366
5.168878935678043,-9.964895945699714,-9.692895680405208,0.01663094555196397,0.0009714022301576497
3.810361408864523,-9.872965689494434,-7.905552043030439,0.011255083309551238,0.0007996142079291573
4.75691135483453,-9.962539920050459,-9.111912204646405,0.015270860188456695,0.0010327378603087513
3.603757119649799,-9.879289776277087,-7.388140806655998,0.010708431455837575,0.0009148046410716431
5.0025013858931,-9.944538007009642,-9.603933879810436,0.01617724055120433,0.0008429641982968841
3.7338800901812896,-9.917308147430234,-7.590808255284578,0.01070555699510317,0.00096538686644001
4.096932731215303,-9.845035323048872,-8.242324094402187,0.013279039519192614,0.0009615510888710605
4.326686942875342,-9.956690603602722,-8.572986456991568,0.01272458217891038,0.0013262023153564795
3.477126164535238,-9.928198586495174,-7.364704703308066,0.009787050500397373,0.0024799877883382618
4.811606162271184,-9.921850962584962,-9.255953333256894,0.016061917812267863,0.0010525359923199025
4.726317731116036,-9.888114598359511,-9.276391196384857,0.015639163078434985,0.0009727222397226546
4.376221902162651,-9.915560568057867,-8.50947039259729,0.013617299935191604,0.0011036440871210835
4.980594206929239,-9.937987326868837,-9.395043902861032,0.01560964616665527,0.00103156648028452
3.9700633568494013,-9.902607420796112,-8.039898582092112,0.011452028196621389,0.0007310155259040448
4.621860053551499,-9.896509009887868,-8.963475689251684,0.01543039799848044,0.0009497435657716556
5.120839806166544,-9.966027920744258,-9.712537521747995,0.016443833656496376,0.0010339210138820309
4.762477623726741,-9.878870880426291,-9.271247106273512,0.015185315474091769,0.001000712972243789
4.777661354152922,-9.951974809549391,-9.172476645064293,0.014698604027677982,0.0007544112365009536
4.392914619919209,-9.963107166663907,-8.589359184050013,0.013052739941012508,0.0011182525816553956
4.023256192954826,-9.971994723286157,-8.096835187611024,0.011619340185014456,0.0010580263658442092
3.6876954450268267,-9.909010027669142,-7.516409462751416,0.01085298131008539,0.0008076922045991363
3.7184119546882703,-9.856406951686026,-7.681868034576849,0.011816241772987544,0.001130846826935844
4.583677221457678,-9.963838211890701,-9.210122246241648,0.014316419910245605,0.0009079308835350448
4.674249087412684,-9.947911455456378,-9.09071604039098,0.014600103649441578,0.0008245957978909916
4.560749304918237,-9.972327964762727,-9.001639945982552,0.014533898737396224,0.000801978312918536
3.976265687815665,-9.899403942571228,-8.147652148025434,0.012506352860495779,0.0012298661900800104
5.1490233131577146,-9.947207503543774,-9.83520768891021,0.015986598057521968,0.0007449699583421156
4.606932597703471,-9.983198456065116,-9.030462706043332,0.014276074852553987,0.0007108280929393877
3.790483955390918,-9.902308152407906,-7.748836543476758,0.011217432404020958,0.0009491981191418735
4.020266034817382,-9.890348053936561,-7.93912554423869,0.013062057655867796,0.0009904396220213958
4.099698746350399,-9.882532852170566,-8.261527462182016,0.01377983781229965,0.0010684756747148059
4.861371602431985,-9.944141913903355,-9.408145229234087,0.015425161384918527,0.0009032179655381787
4.828317609591004,-9.956333894434644,-9.419467141705358,0.01519409326410465,0.0007611114151096023
4.7825614425931695,-9.921265338449992,-9.418332610202118,0.015764559507454146,0.0008102061701535369
3.487521869626406,-9.85144840149692,-7.279635566616169,0.010159306450660422,0.0009632343366059875
4.2706496785569055,-9.966934785772974,-8.614529272317295,0.013168571342837889,0.001095827494162342
3.9484671344918936,-9.92211404580804,-8.035015586368715,0.012701382270947277,0.0014558264707681596
3.52327633943542,-9.881788631410478,-7.422112447243939,0.009482660270980058,0.0009945197831761343
5.035437231105957,-9.957731097272772,-9.652630693937736,0.015012830161320573,0.0008805689064957551
3.8000186497236164,-9.913876248176994,-7.72683006574928,0.011857198769188889,0.001401903212373884
4.544050893160109,-9.946166486505444,-8.85512368015884,0.013356904184501552,0.0011237242476859813
3.4875079025230584,-9.923514039741518,-7.372679259738937,0.009544854335333655,0.00161633152396941
3.654638250372752,-9.888913097225789,-7.637124818142847,0.010765956339286963,0.0009941833561015756
4.931246899802822,-9.961509463625049,-9.65482901316475,0.01540791729545104,0.0007260334208361977
4.277468587149068,-9.884624366503143,-8.341366905962921,0.013478288605023234,0.0008763497085296304
3.7849276798209597,-9.93475418428164,-7.811926575028666,0.010835473216615772,0.0016631346848928461
4.686887888195223,-9.963975755971578,-9.237451762201484,0.014501796408980553,0.0008589176535678451
4.84980186444856,-9.919239330978016,-9.29934740235383,0.016395232163248605,0.0011443715115996697
3.831015188594212,-9.9471864706042,-8.023396748240181,0.01117319937429917,0.0014921139165734018
4.173516856046632,-9.89009259320784,-8.26352984359281,0.012431474888785134,0.0008844723248628985
4.839750367825649,-9.91984254205493,-9.202199324269328,0.01579686020720349,0.0009334437438881011
4.404662614544907,-9.957723337495851,-8.9092716156707,0.01348167783254449,0.0010588255784357884
4.460386356218877,-9.876266020871379,-8.868272805541006,0.014041682736643003,0.0010136398147959822
3.715557241167397,-9.87377259743032,-7.814608333247358,0.01114871209077737,0.0009832920201969558
3.453419257515587,-9.885539928263942,-7.160494638920852,0.009555361267717014,0.001449974601279923
4.099247539718791,-9.941961905358813,-8.214928251315955,0.013267712712795922,0.0009488849673565631
3.503856351187854,-9.901965373516708,-7.294634314296986,0.009385845842873261,0.0012948042790377472
4.846175227647599,-9.967724750706864,-9.3572057787911,0.015418324554884393,0.0008628558039751939
4.140536206339794,-9.946070998954424,-8.158631178685026,0.01284508408757708,0.0009126858942172594
4.665852551651433,-9.926794143670264,-9.142679635548904,0.015064509456991356,0.0009239967882584942
4.4273202454112575,-9.899078387914555,-8.78615079180919,0.01443796988633175,0.0011278551051083175
4.206120618286572,-9.944363458652498,-8.348959168507916,0.013014074220604958,0.0007769047193398031
4.812694306990334,-9.912140599014485,-9.17101123166118,0.015238159994015593,0.00124375893559841
4.721502995961589,-9.970388125730953,-9.290712709748231,0.014273967774486635,0.0008293710541494756
3.552502646182893,-9.86330625452487,-7.456481746028771,0.010593804115303796,0.00110150825683294
4.426945216221921,-9.947217515387464,-8.668749067481993,0.013917219800554588,0.0006411732689900149
4.610868241373163,-9.961640506635085,-8.91312898832205,0.014111385423182165,0.0007496931609945359
3.63060474051782,-9.89183921396236,-7.376323470339514,0.010854897419553184,0.0007769760312026754
4.896671648018621,-9.901153526753028,-9.335442110081766,0.015817674901419637,0.001030581957025884
4.103013601871852,-9.910710119806044,-8.10909256043035,0.012910082788261336,0.000931073918869895
3.794202014080046,-9.858096149711885,-7.716940352835338,0.01096858294572619,0.0012415633977724838
4.070744571849686,-9.92655329278211,-8.26396876044523,0.012737472220348052,0.0012093460503828169
3.3406801571842917,-9.848114715009574,-6.973146573198145,0.009766894608689743,0.0021283585284422885
4.545259755704937,-9.978068758403616,-9.10691858109789,0.013941085577042397,0.0011995057352877027
5.184108860072067,-9.974458593237268,-9.954267448329047,0.016125988776078758,0.0008382305904162903
3.8589912388153147,-9.95639797367893,-7.913076271017279,0.010628485796984445,0.0010887608808056758
4.82119062735595,-9.94105531284723,-9.447600733938547,0.01476489804436215,0.0012237061004664958
4.8297981744864265,-9.956317221884063,-9.222173033267591,0.015260610895084112,0.0008442483404489978
4.943634373473239,-9.959895690159163,-9.690845223736853,0.014901850413407556,0.0011942225996876361
4.148621324037397,-9.91973489558545,-8.291201687262419,0.013723867099526539,0.0011263482917249015
3.4080842252363848,-9.866734719565958,-7.220288311566672,0.00944785886706113,0.0009577323723713157
4.6488658008084265,-9.910939920608943,-8.91604908305664,0.015248983134058862,0.0008255351784164191
4.6572439368947744,-9.899512626561497,-9.028988543373089,0.015002721377761059,0.001133348625277086
5.085924225545294,-9.93086167059853,-9.766545916537805,0.016783502061168493,0.0007409435679208072
4.741693464402567,-9.919741485235948,-9.424928930178043,0.014760642248240512,0.0008369857970416477
3.5645831095504317,-9.845838715328687,-7.460286797210527,0.01062949048882911,0.0008890225895919163
4.42081520706577,-9.979181688863543,-8.686923812661593,0.013668230471718203,0.0007736569267502425
4.3531877924380575,-9.943263054767455,-8.677427516298962,0.014369496331329102,0.0008660511951482084
3.9927429213581855,-9.867952448187408,-8.142732447013275,0.011752115947992692,0.0007776565195223023
4.90757594435715,-9.929051762325212,-9.591641727155741,0.015568194310587053,0.0008617220436757506
5.120398814781659,-9.913802562710355,-9.654373349306946,0.016721360913003667,0.0009970490095422113
3.802163608020728,-9.861428469366176,-7.6877546706533195,0.011986338614930515,0.0012075611604852603
3.5645710857558033,-9.885028044805539,-7.3362433202403,0.00993836155973681,0.0012093950293594598
4.562262352015677,-9.934604840709941,-9.201197105883745,0.014397420967242011,0.0007182964020091086
4.286157255777695,-9.929808685295738,-8.620561132609545,0.013372380871583819,0.0011427699962430417
4.87851751579719,-9.918330227281068,-9.308531675024591,0.015295103091606697,0.0012291518310860784
4.53494567162145,-9.917555327141248,-8.951205828775118,0.014706089169810154,0.001021180994984016
4.103563761595525,-9.88733362714913,-8.364525246132414,0.01297044656111397,0.0011233636771530195
4.270353228794474,-9.904721522072867,-8.452397677500327,0.012745792483391848,0.0009454916640431508
4.347447466737363,-9.87363813250899,-8.605171045913742,0.014064526420085363,0.00092090786713597
3.6736502321695967,-9.858918238192949,-7.669817814262893,0.010675903165958971,0.0008048251379883063
3.9443424077133407,-9.955764661737506,-8.193748813787085,0.01163949710223616,0.001421766522823659
4.54930340881515,-9.950537790533627,-8.737816449730646,0.014325087617095516,0.0009317480220476867
4.563534897870513,-9.965880004222228,-8.846114499254368,0.014446369876894108,0.0008039984976300224
3.7078743872864903,-9.856082836272636,-7.58866572790668,0.010796581131085555,0.0010337680174132306
3.8287249998756008,-9.921226408173244,-7.71528350828423,0.011885369040754143,0.001156840659680714
4.309763483181953,-9.913822805830106,-8.568922925741898,0.01327347541275745,0.0012699205823246207
4.146635958638148,-9.844249136306011,-8.275074965968034,0.013055371200469647,0.0007761431475798911
5.303565147838314,-9.958658463802633,-9.996956240524025,0.01671409594479806,0.0006222570931099468
3.8635036860465224,-9.863101849693209,-7.761177744036627,0.011699373189851535,0.0008213260618964591
4.170717289894906,-9.941505802089637,-8.261268161007745,0.012263667480881361,0.0013044367228614827
5.248538996692281,-9.936139408426357,-9.877456714649224,0.01650263171797317,0.0007598676694650154
3.7406381462668508,-9.90867805459197,-7.560303787211833,0.011509168129672485,0.0011116565293193652
4.2889925723082785,-9.959271982956283,-8.624719328140815,0.012554091843591415,0.0009764931895480828
4.5891098138961235,-9.89417645295911,-9.070207121176878,0.014182741474221645,0.0008658156502221431
3.514486062172069,-9.88962702606044,-7.475385150749623,0.009892931126312704,0.0009806568142948229
4.518634429824553,-9.974282948169812,-9.10903946340273,0.013686206523153981,0.0011176176351874413
4.258380340059715,-9.938652568138853,-8.431007638427898,0.013169538385695836,0.0007471570251523761
3.553026569723349,-9.893273068012398,-7.3721357980837325,0.010851590099039545,0.001763748596288318
4.371766685090613,-9.891264584374008,-8.467523165992652,0.013885238532521204,0.0009595484350237917
4.899735810404078,-9.91629836914678,-9.61539375982245,0.015907648936223852,0.0008884527784473264
3.5685921511787155,-9.943989358492658,-7.553087902712427,0.010082988401472696,0.0018164400698056156
4.28663858111684,-9.924501849133254,-8.73499172001269,0.013771566569743442,0.0010664867665468034
4.154941449921507,-9.913608797616964,-8.50140570178183,0.012637841617559356,0.0011301304383445595
4.934515688994672,-9.987141402330863,-9.520929759182863,0.015615914773232261,0.0008167983403536656
3.4749739106215447,-9.898226500680359,-7.244172969518472,0.009319419207572538,0.0013913099258830554
4.4720891664725455,-9.920553746479992,-8.803839012971293,0.015046419799774204,0.00091406561780872
5.163685349784608,-9.968859889922506,-9.882890122639136,0.016788871543170283,0.000924701852549572
4.77976087237253,-9.96030296622214,-9.313844965996081,0.01454153067465598,0.0008879617754308042
5.283845129947333,-9.941405970162876,-9.984429018494478,0.0167089969358928,0.0006310829876820883
4.520976634321702,-9.900712470519403,-8.743445701681809,0.015283122184204167,0.000860323428573789
3.971764183347955,-9.956364805103604,-8.08765413815269,0.010898643274649315,0.0012185118657751163
4.751621235966349,-9.93178055294704,-9.129732600396583,0.015901682077778857,0.0013102242815457145
4.326612071294538,-9.88232119038941,-8.47415877327791,0.01347408732513906,0.0007625806756516695
5.250085334587215,-9.937068001820352,-10.01331293020715,0.017094445761286912,0.0007008052141124117
4.047829796838186,-9.916614163702727,-8.051874669594996,0.01219031605650294,0.0009204959611573522
4.064919288332099,-9.929229315535338,-8.396224476880931,0.01249824378102108,0.0011909940429309681
4.407269783527858,-9.982848227737557,-8.819701851800763,0.0137201791801057,0.0008981967261244583
4.399488724715964,-9.924121583747226,-8.764837827242422,0.013904917296937611,0.0011721909713265956
4.9906775267580095,-9.927905198812843,-9.55429412575046,0.015265303989972443,0.0010670884617910905
4.371564622508615,-9.925365827613822,-8.73858339974804,0.013947392142149715,0.0011014383577467339
4.088029663170211,-9.875412744381299,-8.368133734063058,0.012197190718805798,0.0010606911215881526
4.117448265304529,-9.88191591755014,-8.272645991346291,0.012990050825186412,0.0010862507229563363
4.170708079091196,-9.856684664676077,-8.200043612198566,0.013657471268765774,0.000980128694562548
4.885686549055042,-9.926227677593669,-9.369996192150875,0.01635773459714253,0.0010936682982685536
4.535057119073971,-9.876502337908226,-8.9966970263261,0.014781078352273009,0.0009075187791037801
4.6579021303078925,-9.896760412303895,-9.05873043623465,0.014691953634003283,0.0010936714804706746
4.6320608319279115,-9.931689025515427,-8.905584610408066,0.01472183450630355,0.0008915255450345118
3.8487040162651316,-9.89806521831452,-8.000846373989104,0.012164566313616065,0.0013552411541870042
5.0341856005878345,-9.92400580315816,-9.623820107049983,0.01663885609280883,0.0008127151401550846
3.4742576293957512,-9.889060464268905,-7.200489948291401,0.010102284554072067,0.0008719960519710291
4.853525830916506,-9.96196051197062,-9.338834059070987,0.015900507026340816,0.0010409708110524546
4.318447829630583,-9.907280015169205,-8.742594647556192,0.012815958995609248,0.0009356375007955746
3.67094486271542,-9.934019052595774,-7.680716491440925,0.010848368862592257,0.001676236733301612
4.6638119428658165,-9.954773638654457,-8.957212406861267,0.014296229445528514,0.0008229663380976515
4.965746031641221,-9.900776690390861,-9.617731972055743,0.01636524046795193,0.0009468157557031617
4.3098263124477345,-9.929416396087934,-8.706448964750155,0.01390412242722914,0.0011224721195017189
5.325471863200668,-9.951338352070296,-10.115081168744283,0.016468249387836035,0.0007813053605348467
4.755240710403386,-9.966637597694378,-9.152246586854758,0.014932898652781143,0.0008021745365787246
5.211265929491952,-9.9723096652794,-10.002294211345871,0.01605041524988838,0.0009614251302166504
4.57438681128665,-9.89626899828633,-8.808677577746055,0.015145272140790297,0.000744528756421679
4.115146625559574,-9.872576366623614,-8.25022982160323,0.012868052715012887,0.0007976036013257715
3.926417670752295,-9.927767237871043,-7.95340752204934,0.011553553271325791,0.0012390007893694314
3.9887585652835833,-9.902458486096302,-7.897219666999688,0.012650933094413177,0.0010326646488482757
4.034163452386532,-9.947098828970097,-8.053593945503247,0.012566786651831434,0.0010200341417056229
3.4939921923323767,-9.8621121902162,-7.294830539120219,0.010075650027285157,0.0008612294560249569
4.34281240000108,-9.94445312968332,-8.77142013386172,0.012499392354400198,0.0009190159221557343
4.874424001404722,-9.906104797823065,-9.374327947773992,0.016518223354577317,0.0009181831757714336
4.97244962177909,-9.898691849092797,-9.629381155023747,0.01637235453343633,0.000991062679349312
4.320618752950479,-9.875895886086278,-8.477845194937018,0.013421296198244006,0.0006674498083147162
4.509329830938914,-9.945702810731419,-8.898179243959651,0.013871126364634589,0.0009106046930044598
4.713756576086433,-9.948940143041638,-9.337047483652947,0.01431680217343597,0.0009033401582475496
4.976702326865072,-9.983377679957526,-9.542021255455301,0.015783243462069628,0.0009453597868367687
4.048767380893467,-9.898879195772686,-8.102067337050398,0.011674462127062399,0.0009463213773682501
4.748725118381955,-9.95736532153771,-9.23126935604006,0.014203467993597427,0.0009758534290586153
4.536624410133723,-9.875309676010339,-9.022103982864607,0.014403538770236854,0.0009874028792270664
4.165452805572698,-9.936139210845797,-8.3950510744511,0.011891143213195945,0.0009066016204629906
4.3596471910146795,-9.964216637447166,-8.567464446980416,0.012976744076738156,0.0010266094734943752
4.254646966963166,-9.930287239562992,-8.561306086164178,0.013753046121306955,0.0012668112964855296
3.494689239277065,-9.904457553360587,-7.309950592297705,0.010224817975812917,0.0013280843726882503
4.763874471784456,-9.945704058694016,-9.130962144313866,0.014714401134218687,0.0008081291206825372
4.6965073377937685,-9.915344579047014,-9.029018534690197,0.01583781744774365,0.0011328873194818088
4.559170287661812,-9.904441107305809,-9.090566960574211,0.014750860737636725,0.0009289349694792644
4.279350057724745,-9.928391548084207,-8.57849899081854,0.012670084893998354,0.0009165017654560722
3.79685298886425,-9.905235359069664,-7.873570287951425,0.011725487982316849,0.001235336143008545
3.682053183138712,-9.847511461418954,-7.432259573874598,0.011571067759032784,0.0012060877104092755
4.997915648971367,-9.943380878729954,-9.576326526873455,0.016048873154289076,0.0009065793750462636
5.093995721564104,-9.961998818139039,-9.70744416181136,0.016737543648957656,0.0011659755879515517
3.6183287026323705,-9.922857337737144,-7.549197300356776,0.009561342418825078,0.0012079863810175798
4.090864627947371,-9.964820909228598,-8.174412261020674,0.01223117161218083,0.0010214083735990817
5.0276967130928165,-9.935134053093519,-9.7449213472019,0.016423490593073412,0.0006363003202272616
4.543471101292943,-9.961470030430624,-8.960900653939593,0.014653424373908356,0.0008182021961738166
4.452023427737547,-9.924621078738854,-8.971918604403662,0.01351233859191669,0.0008651473655637282
4.73790545734496,-9.977879416485184,-9.3397814159821,0.014724622351814485,0.0008982784603052641
3.6565161691251467,-9.947659447683597,-7.7356537349348535,0.010050072569042444,0.0017696478743307227
4.74609873809992,-9.906936264252275,-9.374914354997943,0.015322007148532999,0.0008467818711840729
3.9015066664491345,-9.932848517012616,-8.009398038368827,0.010850806030285012,0.0008775503347366622
4.385452505932874,-9.933779155483862,-8.768380424768242,0.013074943667624295,0.0008567464874062134
4.981722002477137,-9.950078078597768,-9.50995192800585,0.015082208244071263,0.0008617903903542284
4.671633129764705,-9.915800669048663,-8.915173029246676,0.015091993117074706,0.0010241454587195712
4.567643461032238,-9.89946157749013,-8.922666388196308,0.014303987826547352,0.001144726178957727
4.10285078803483,-9.895621233907796,-8.26723069846737,0.013338023340827072,0.001029281476935658
3.651270402548907,-9.949268403794548,-7.649855248036975,0.009803221206086342,0.0012468373462352891
3.8146627684803374,-9.893470301924118,-7.678103794881919,0.011280841091715748,0.0007972244429190713
4.621953335258379,-9.950019719909735,-8.93083372814409,0.014798750396359065,0.000767494849899703
3.890650077653201,-9.88229745680939,-7.788255540324917,0.012599939443576891,0.0011899984759724531
4.999806389331103,-9.950806426029374,-9.696218967405247,0.015775546337627133,0.0007208393211782431
5.0813373450196195,-9.92698804261777,-9.570202613758331,0.01586222161491522,0.0013231139737731928
3.9031076575839463,-9.937684641064406,-7.900875883655596,0.011204505127290208,0.0013125820166624295
4.561828010757312,-9.940437635057826,-8.918949921236516,0.015080038521559614,0.0009440028561793301
4.955108999223906,-9.949279932762163,-9.347886618856851,0.01597491774693824,0.0009865551099345
4.4061040734442,-9.91495125714804,-8.646739871311224,0.013200262487183808,0.0010972387398780188
3.693087588809621,-9.947166643265286,-7.677409959224812,0.010841469464707118,0.0014792774691358892
3.8972598607907476,-9.889509799025959,-8.10030802369148,0.011360399247008882,0.0008486619252818261
4.236390423056427,-9.90081660258129,-8.30768686857738,0.01352232718184499,0.00092236158366308
3.607280498657693,-9.878244083699247,-7.531098970495762,0.010783572199430972,0.001221899624061685
5.297691787346215,-9.916642867635778,-10.046570612291525,0.01720700701474227,0.0010227930671384345
4.905287479687854,-9.893233522467911,-9.27797981296742,0.015850233568074055,0.001166950832124724
4.454330257949722,-9.956397044219678,-8.716951042704395,0.01433502255989323,0.0006913715838318183
4.147352173210691,-9.94040674999076,-8.267219198464007,0.01198801830109391,0.0012161106777319308
4.897708042809893,-9.918007536625275,-9.293010505228708,0.016410721733433994,0.0009631154607140297
4.691078440013664,-9.901844800070819,-9.07343190435902,0.015957611436916316,0.0009724565543137768
4.504163682032972,-9.912844461404728,-8.961252175367724,0.013928532261390143,0.001090586130964904
4.511245491587355,-9.872886362249238,-8.809648793620655,0.01521455628702967,0.0009867539459275754
5.059996759891303,-9.902476025882217,-9.6028790045411,0.016824867297420536,0.0008620801440337292
4.249534936324679,-9.96851135412668,-8.443887530687078,0.013278362465940266,0.0008510176023956838
5.061173765899031,-9.937908165900128,-9.552809174972715,0.015729782355460888,0.0010619587957085297
4.718039691575479,-9.904159139426953,-9.075248670679127,0.014535730246917027,0.0014902982266843108
4.310126707878104,-9.977554962569213,-8.67628607363267,0.012361733988464779,0.001026268078867156
3.892165754489979,-9.90189227044102,-7.994007063799863,0.011492877873077102,0.0009426849281557462
5.1075221159409265,-9.93726110911868,-9.672616486698793,0.016621894469856093,0.0008827651887983007
5.234967972267361,-9.913906002037486,-9.888585950005982,0.016776629725281524,0.0010030241946577126
4.768244905963149,-9.921198187563196,-9.31011010747524,0.015873931378305315,0.0007972373953304909
4.172334154657627,-9.871075934717178,-8.239960723164778,0.012851457872265094,0.000658659938420155
3.8427474718084844,-9.875962854333876,-7.642533304449918,0.011994416363609359,0.0010796148657968747
4.113682244745198,-9.90823059758939,-8.414269962841347,0.012379351426772154,0.0010379634557587246
4.4333585052169875,-9.944005457980968,-8.646574992136468,0.013479862515938088,0.0008893995925153231
4.025224729168957,-9.878131579959781,-8.167811720595283,0.013366456317755992,0.0010312105018006922
4.351946598267043,-9.903194749689115,-8.564274908464244,0.013173510403515672,0.0010143944431396101
5.2090983151278545,-9.95486754344415,-9.896221218458827,0.016065556877916484,0.0006808788306486345
3.7663143863858024,-9.948466379453686,-7.642439437081707,0.010906738797828459,0.0010455588675883204
3.518826958379062,-9.88438222654244,-7.271638703438508,0.010832112182088387,0.0019070163569456322
4.542916013489354,-9.878087009825524,-8.991282723132686,0.01419248981537713,0.0009874575093017587
4.608009277586551,-9.930031301081861,-9.120138860353583,0.015171676799419808,0.0007932267994064946
3.8978480932505546,-9.88442930269892,-8.02184139142702,0.012645509451417623,0.001062997873966432
4.019740187845254,-9.939937412536604,-7.948053521929535,0.012165950573679968,0.001010244081793993
4.29409563488326,-9.947529781232797,-8.508506511765173,0.01332669663297572,0.0007120300836200436
3.8192851106897887,-9.8932526661971,-7.7932067551435615,0.012240174499259633,0.0013210765767604348
4.266523855561423,-9.925435883347955,-8.644244864038615,0.013506070412039063,0.0010936452223042153
4.149225784396517,-9.868715257420092,-8.14748082566836,0.013278313392299977,0.0008978097993746336
5.101046170886714,-9.959164907542794,-9.854110175902854,0.015620779486794077,0.0012218727343689324
4.357145432499934,-9.937313209158708,-8.740538345929778,0.013504483102614012,0.001020128409218406
3.746624432873774,-9.858463616818225,-7.678747531726947,0.010916741250791786,0.0008798415601130638
4.842044915804358,-9.948020930282546,-9.16865874062979,0.015074015401165375,0.0008984203287064769
4.150620434801416,-9.932469981682651,-8.535747932087926,0.012426606592444057,0.0009513198587011639
4.6045449404440975,-9.910709622089893,-9.09795143178405,0.014010913437716195,0.0009804167755119242
4.42767604786012,-9.976496935986095,-8.851412263142747,0.013999715335568718,0.0009372843351701326
4.790793512689404,-9.921417315046789,-9.237785798527115,0.015185672075927654,0.0011548118616911054
4.004654200512563,-9.960466468357401,-8.157137210510431,0.012437564105282049,0.001312201696943253
4.168260331345222,-9.92648738715845,-8.27266377246838,0.012855772945302381,0.0008817917986953548
4.1186263522513755,-9.932879899552251,-8.362138931039091,0.012940835754209876,0.0013940872119021124
4.177155184299964,-9.946190758455074,-8.544861319117986,0.012253167671283902,0.0008417545041335044
3.6489986872558737,-9.945375176100544,-7.543542912626837,0.010501317303057919,0.001191453137850593
5.497323165749329,-9.955678955718538,-10.318847380865996,0.01775025518335216,0.0007547539225318233
4.3013053444245015,-9.937496148272029,-8.41512002480215,0.013957973689845103,0.0009700406944906662
5.3813484116613255,-9.947533933208945,-10.092315173053406,0.016738977267161347,0.0007864591180726681
4.466477564946155,-9.940239769637518,-8.943165092547396,0.013817435942258746,0.0008711762476644555
3.7598619693590196,-9.865550937991099,-7.55093120997607,0.011451309116443294,0.0009760910529776312
3.7131527128021693,-9.882949355309666,-7.535138433616424,0.01085921436271269,0.0008816298206807563
4.009112322719196,-9.911233136857897,-7.968592941827724,0.011903838270175377,0.0008671903239597739
4.588215624418991,-9.892115357846299,-9.069834205175637,0.014235189375126758,0.0008684377976428438
3.4022424302707908,-9.868405372129867,-7.196597842252004,0.00961857258149003,0.0008996957476020778
4.9692430555323295,-9.946155767116885,-9.398909120327827,0.01615972611942903,0.0010580467091569137
3.551203270884704,-9.91609699598589,-7.25643853128003,0.010176706438965559,0.0011165559701199472
4.106799772845347,-9.890285094278957,-8.232200672263488,0.012382402929096285,0.0008304178021549067
4.59427777155029,-9.889270227757043,-8.919960817690871,0.015080064465022136,0.00101895221771862
4.621638591280948,-9.868672547779795,-8.898955115648967,0.015100328427541597,0.0009493422717620571
4.694287014298994,-9.984713051532214,-9.309731821258232,0.014290909950563833,0.0011349862942164552
3.8289764696390027,-9.885930525784191,-7.8523746572009685,0.011220191836776874,0.0007565492469190588
4.012592231230321,-9.923029733343393,-7.977511766425111,0.011738860666889174,0.0010204066409628975
4.275906317105936,-9.970739587836752,-8.604474770168085,0.012484981802182703,0.0011721745778094153
4.249839408371162,-9.907841940940886,-8.588114473693262,0.012677526813758236,0.0009207655510667871
4.354468769585634,-9.986083038978538,-8.656314677383127,0.013109130469504298,0.000922673941963451
5.448865313981445,-9.944917417059914,-10.231361108812946,0.017406000237747507,0.0006821453855384594
4.224026831147891,-9.912917426996446,-8.279500002213819,0.013700957392284248,0.0008846852562398368
3.799178138672183,-9.930729472812486,-7.936744331075565,0.01066532737355401,0.0012264720423065707
4.069350157446285,-9.968239476104191,-8.180872019100653,0.012101639302763813,0.0010303318690465765
4.13482245602812,-9.871659359235277,-8.200282288338094,0.013686237574717475,0.0009337563558418732
3.9494078332284133,-9.885803290490935,-8.02570203388914,0.01242405195224452,0.0012333297041629407
5.049690781428572,-9.969276000072032,-9.546817726771232,0.015795538570288797,0.0007768844098449709
3.779196959342219,-9.91447953712573,-7.708087860345083,0.010898182667623756,0.0009235159686641662
4.8330234236717455,-9.960889126463853,-9.489379474045009,0.0144426964568399,0.0010200767351137593
4.963406362865907,-9.946351966383716,-9.554090129131145,0.014974263746963062,0.0009988697363124206
3.644523509120918,-9.873414737895985,-7.424698898896072,0.011398369628522986,0.001765500490825868
4.600876934833014,-9.930767352084015,-8.81523635240141,0.015091529465233473,0.0010472529697546223
3.6056910862731013,-9.87483691810416,-7.522061344199377,0.009823362772417405,0.0009252043068220409
3.8248080816675256,-9.946910715071775,-7.787846403485473,0.010808975514530592,0.001176698954182805
3.98162045909508,-9.849166687395456,-7.997563344876709,0.012614831350756748,0.0008120667156167127
3.4848545391179906,-9.883218483676737,-7.259656265707018,0.010579250673101387,0.0018224816599846255
3.8303163879969078,-9.883234514117344,-8.037003296544658,0.011613459998648283,0.0013215729218767197
4.257785521907595,-9.895177162353146,-8.486776865084803,0.013011666948937869,0.0009124214307966294
4.044331899918385,-9.959574249569497,-8.314107843999961,0.01196356945137897,0.001290789560051359
5.167461943399542,-9.945753684589155,-9.78978012006943,0.016230586032258326,0.0006264798580483949
4.038226967503408,-9.865303640450385,-8.168502211396765,0.012060384715427273,0.0007230739389095648
4.051313391070369,-9.962950009186823,-8.152777760063325,0.012447848678676708,0.0011343941574749996
4.03561643801158,-9.944909434685176,-8.332981156981143,0.012141827895673812,0.0012413361093631867
5.11925516452974,-9.969874352077163,-9.94359900564119,0.015519829412232096,0.0012853170895883788
5.358442627456987,-9.940055412244417,-9.971396257857474,0.01742742881121304,0.0007095497746507977
4.500179018403797,-9.91482327803069,-8.852622699094596,0.0144602886122475,0.001300997336250797
4.10535005052185,-9.845553821267009,-8.241306014722571,0.013162744146161297,0.0008531856164148368
4.7274930645917905,-9.986508051713917,-9.312297210885395,0.014074934280410003,0.0008158246542246428
4.118419376655712,-9.904319569770133,-8.341090871749417,0.013264683803384142,0.0011438063749184078
4.72762667148743,-9.945312177974474,-9.312640169043261,0.014266550926207766,0.0010894444915567415
5.2229144316948,-9.940940195738044,-9.873863513850196,0.01677361701797855,0.0007529164187566295
4.8072725417980005,-9.96405004908851,-9.234319617540717,0.015017724317288553,0.000769565647222928
4.202547440926417,-9.90299484563658,-8.58272209311505,0.012579942630878029,0.0009660724656393427
4.272154847964679,-9.942977527903224,-8.345823478252917,0.013788376815173791,0.0010890029962249514
5.0282272580129765,-9.914992495476906,-9.496916761273896,0.01571482527726349,0.0016934376340559452
4.111047735932822,-9.929972753597061,-8.499103474692667,0.011813744640279289,0.0009398656296293416
4.6049742406890415,-9.918775689441185,-8.88104509416122,0.015183439036818278,0.0009485523405051787
4.699773246587732,-9.958294885298939,-9.192873466702562,0.014866686806867774,0.0008733306054643901
4.356030698375128,-9.936714856036126,-8.63976174540684,0.012777327834389132,0.0009957215498630765
3.769107970572255,-9.928071999434232,-7.5866468379617125,0.010999466626880427,0.0010029505513743143
4.703461529718079,-9.9328685860017,-9.320901086291629,0.014755514662088737,0.0008273021481999575
3.703170391332871,-9.858037197132624,-7.730709681462924,0.01086550877635602,0.0008675077443022339
4.345381463291551,-9.907078534752378,-8.731141008352648,0.01401804073332427,0.0010974643787361356
4.820390702719163,-9.956580533953867,-9.570543270363636,0.014875663812144283,0.0009490319629561368
3.7259529150443513,-9.891361405673019,-7.703996955201312,0.01128039897781701,0.0012636884978881936
5.086048544489549,-9.947110703519758,-9.609204347938192,0.015654802611624195,0.0009543829890244858
4.215633535319231,-9.95422857211649,-8.485196254658764,0.012267455832826998,0.001155631317339784
4.236663099159061,-9.897962489746101,-8.592379549724276,0.012581910256682914,0.0009672044601628839
3.858566410542145,-9.912593008624379,-7.974060529442769,0.011314202813107277,0.0010869161175050745
4.07536341107509,-9.917968594481936,-8.383283701675458,0.012761893888100648,0.0012534182719492627
4.039360681378568,-9.851571328187772,-8.057830666887654,0.012706884112112234,0.0007979517899147447
5.162682821327433,-9.987815268870941,-9.821200075713078,0.01612451490898592,0.0007898368400514363
4.289411899081983,-9.856155815551617,-8.612802310165891,0.013907898191222044,0.0011467983233106648
4.349949471153427,-9.861499117366622,-8.45085801914051,0.014222425747768455,0.0010509110623443663
4.095454515795314,-9.881985596154333,-8.02283770651265,0.012582006872217015,0.0008524929501574545
4.525469162862731,-9.962607448311996,-9.044687474489649,0.014523684421124729,0.0010669164093933456
4.931186515671954,-9.954873926485885,-9.463108025309822,0.015712570390653817,0.0009418489948752842
4.529314657199134,-9.876241203269247,-8.953223761388594,0.01458852818308076,0.0009338824069968588
4.503974900943914,-9.907179249881505,-8.825476260293662,0.014178734485915556,0.0015280026785038827
4.4315154433689585,-9.951263931021451,-8.719782441736925,0.013357877863644597,0.0009320765989818877
4.520957524184071,-9.9045889174052,-8.879334861024127,0.015239389590044188,0.0008904997258296799
4.113817123373605,-9.85628585847213,-8.136054395338242,0.012743338107665012,0.0007516378120224136
4.398736298054645,-9.951489007321122,-8.71703866691906,0.012628665487293064,0.0011971005102415248
4.963905856468131,-9.9736027615037,-9.742121124969662,0.014925694664197261,0.0011095441541847017
4.363329536793552,-9.922560837293736,-8.81297233946844,0.012807813114980877,0.0009529534296421935
4.627700156902638,-9.896368509327083,-9.042796431236468,0.015059871789437176,0.001042530405178211
3.4835627568051177,-9.907535193393304,-7.354952527036054,0.00922057943587923,0.0012874163349389566
4.207530380768399,-9.914421351360096,-8.236632780824893,0.012860398355422555,0.0010876527249893432
4.559170516304016,-9.969797307485166,-9.065005921904852,0.01349270611233448,0.0007807598828833871
4.8147531018093215,-9.975587326822401,-9.258592406319718,0.014955295145023178,0.0007919405531336787
4.928821965546177,-9.918933467035945,-9.279810531579034,0.015549540849050334,0.0014597141272033466
4.882384195426085,-9.88853138949739,-9.367594875644972,0.015380870488290335,0.0012890600273258912
3.7583934734617293,-9.893471045810907,-7.846243809776186,0.011654014003333357,0.0012771212414389066
4.215274017972316,-9.91711931767765,-8.528302877538408,0.013198317781211241,0.0012390315830712114
3.9422036482645733,-9.9508065978471,-7.983642548803619,0.011436545662302712,0.001300806658465719
3.9530957217636633,-9.899245239954114,-8.225230951212332,0.012221511335822935,0.00155120996346098
4.392507928287247,-9.920873369319999,-8.596591988024736,0.013223451279471114,0.0011001025926177554
3.707439362197217,-9.910535508986472,-7.729758817922759,0.01095086694863876,0.0012109556413330176
4.231521153966641,-9.925523656545456,-8.480371194693847,0.011994428453654575,0.001105961814551007
4.084757645230673,-9.8837545498353,-8.126210220089913,0.012912788732694127,0.0012175065265724507
3.7178781341302196,-9.86994323451732,-7.631763544872891,0.01043376153638966,0.0010329807119726653
3.9119871966273854,-9.960005515697382,-8.084318581777303,0.010724493072276079,0.001208474854154683
4.80601068322996,-9.947877025504132,-9.271812986428815,0.01575986192787777,0.00106457047797533
3.591250675501162,-9.893087461323418,-7.33432768440608,0.01071388583616585,0.0007692522281867527
5.027499067103858,-9.927985782732515,-9.452854728737348,0.016379186783087026,0.0009630350386431829
4.958461439708396,-9.93586530106748,-9.538373611263985,0.015267034887300721,0.0009398353274711366
4.535317294128745,-9.972483993723936,-8.870908177689824,0.014622181454756833,0.0007599119986661042
3.9447837555387864,-9.84988820034318,-8.08862657947401,0.012462268575407208,0.0009402062513701563
4.357061626803979,-9.960496620514418,-8.69041818837092,0.012800789639841378,0.0010330622126597316
4.627418913339954,-9.899395034157052,-9.170320666585908,0.014226764451831197,0.0007589429988547872
4.344663589895765,-9.976404469829694,-8.571212287360906,0.013382288634864728,0.0008110575383951551
4.055656316292171,-9.899906201557478,-8.200695554664374,0.011732794506346192,0.0008180505121289209
4.047019016179025,-9.95377415894943,-8.289602531239272,0.012466581272455403,0.001394702542688468
4.993455971036312,-9.93844784569749,-9.390217569160052,0.01630397773970613,0.0009729469087188662
5.194618714320584,-9.939905292808534,-9.843422644846928,0.01590559827159597,0.0009591726570643403
3.98586887108268,-9.916115189919967,-7.923142016635791,0.012420305701493708,0.0009830008729328778
5.004481672510763,-9.943868156214087,-9.790462587851026,0.016029846144951104,0.0007660892070129269
4.532107658940111,-9.915277068211495,-8.948147436527446,0.013906335363917794,0.0012348467379275302
3.5890351788280044,-9.926269289615503,-7.487831146592484,0.01005224751131662,0.001526097989843092
3.795132336184154,-9.878147973340385,-7.602737428030187,0.012178893288044394,0.0015377595521415956
3.8207559062098144,-9.90367172618353,-8.035484102040115,0.01115868910567269,0.0009913367309720633
4.81765607246008,-9.951970422794703,-9.510688674932666,0.01542543629419504,0.0007083010085757894
4.14477047708282,-9.914055757527533,-8.450950194210911,0.01300665440258528,0.0012516236738990046
4.46238394273094,-9.948082393802936,-8.996982897638492,0.01390962123616013,0.0008869814763560527
4.741699957920159,-9.922414984785979,-9.336044530363935,0.015743524478168902,0.0008122216102433067
4.470449660083477,-9.912990536308666,-8.774311779948285,0.015072322805929024,0.0008905802565166574
4.493372424403804,-9.872102854986426,-8.747467645117778,0.014677349056618574,0.0009490577304080308
4.4125142158320445,-9.921882493043668,-8.890284763805866,0.013945099746506852,0.0008493653183885577
4.350940275333147,-9.947100417807478,-8.5438628110646,0.013117498083667243,0.0009645186872955095
4.328043503630131,-9.934681958946603,-8.5976495716608,0.012663489457866764,0.0009619326924108086
4.125691784960943,-9.877358669845082,-8.189986123935473,0.01328218516601845,0.001035075422138619
5.219875911439196,-9.976855660703544,-9.908570381649774,0.01673112621451858,0.0009915395446459733
3.694191821311582,-9.898941208253316,-7.495330532152002,0.011435952036145353,0.001307102240470793
4.445167309366309,-9.92826637804011,-8.904444551822158,0.014060785051647894,0.0008798734917072801
4.962133041688918,-9.966289807913661,-9.589454339325785,0.016138670282494792,0.0009457879391265846
4.85775568964405,-9.973143751985555,-9.558669003175932,0.014889113046550542,0.0008215526522732453
3.70314800484954,-9.841022254432088,-7.6481202828991135,0.011086137492875228,0.0008166756195164162
4.748382837534407,-9.978054263399642,-9.397963558160297,0.01452459485989819,0.0009224718138570578
4.2042735945162715,-9.857106190385618,-8.472926123628621,0.01348940849176917,0.0010190053933891337
4.409128804281299,-9.937616139086929,-8.89185833815532,0.01311774954890894,0.000836722862029759
4.878084643318199,-9.967652191403257,-9.536660496235054,0.015440965353618894,0.0007385856694924358
5.431414032895038,-9.968114077088268,-10.261521659679731,0.0166727503124928,0.0007911479553531298
3.4379522114401913,-9.858267283265446,-7.1157083519343765,0.010040986772695064,0.0015030183594437901
3.6115715206131522,-9.957655142763851,-7.5479080257465485,0.010114626007198771,0.0010065344206633673
4.851363025106097,-9.945790541781118,-9.392573626803934,0.014848034850309753,0.0010080652040141917
4.326730491856171,-9.90392251253941,-8.745191586821495,0.012740999774664592,0.0009796057835577295
4.890643349490362,-9.970620783973558,-9.547939487005005,0.015080060013145045,0.0008125517434894898
3.89318502163231,-9.929777045772385,-8.13068476007032,0.010967287265764673,0.0010426425438562648
4.226008800870907,-9.898779021459594,-8.35625328724471,0.01264990363554987,0.0009256885474747004
4.069166348918764,-9.887504102615829,-8.08936196995122,0.012553552813248667,0.0010582278695956285
4.367073478008025,-9.87993824343552,-8.548458943258064,0.013726003277406517,0.000757203605066969
3.774918610757551,-9.960834269168998,-7.730634223583533,0.0108749260572369,0.0010317569351694779
4.340859390045128,-9.971609241500461,-8.560357607226331,0.012969933005218641,0.000866570998304006
4.538037107494283,-9.897302860869257,-8.903537262466084,0.015211587480358895,0.0009864038258080663
5.239979025569471,-9.961688589267059,-9.997062513057775,0.016827882703347483,0.0007613800003549201
4.401853859949967,-9.895952154706428,-8.653984788447122,0.014402845947426341,0.0010736938347454578
3.3741155534701606,-9.91978357152784,-7.187606674937723,0.009066287216264127,0.0018925002982029544
4.058283529674393,-9.86420676483184,-8.211300107808455,0.012407291634446321,0.0006923918233547159
5.011493479603103,-9.952878333252407,-9.430980768818385,0.015849799568471566,0.0008167288706739205
4.032757672801382,-9.900111077707905,-8.08855507091919,0.01288083660318443,0.0011641829552848288
4.629749207772876,-9.907287212950372,-9.10823987000052,0.014489373956203621,0.0011064221128269129
3.9785683118771433,-9.964031302479116,-8.213760591910637,0.010947740118932209,0.0012630432975439408
4.802985194348879,-9.897837733006298,-9.227137382408946,0.015114858294563077,0.0012066533606741006
4.133629069081229,-9.877608177490012,-8.30875252802802,0.013707673927476046,0.0009589482847547594
4.503793291268729,-9.934030363190143,-8.824920005132645,0.013922351946417968,0.0009595018992170066
4.542643405049261,-9.92939831095082,-8.974353121970825,0.015229741995168572,0.0009028637110136259
4.998688921200236,-9.915148172391488,-9.432518895550583,0.01565100011847476,0.00168974847304391
4.528023828234676,-9.939576601238727,-8.749523002881698,0.014276737855586872,0.0008028137428172572
4.308220494798034,-9.96888689964943,-8.467142019400475,0.013032595205510672,0.0008240994565256326
3.664723497888082,-9.837795234715331,-7.55527971829172,0.011183340665027025,0.0007886651213223656
4.174885790636546,-9.909316532949138,-8.341246292426648,0.013880040093593414,0.0010232746998878038
5.257297114911114,-9.927492893485473,-9.937063448199114,0.01667192806447487,0.0007621901242583766
4.2017322562694766,-9.891922573013735,-8.526042851571837,0.013386829803033462,0.001166950141076468
3.8076768636338776,-9.89007209701732,-7.913873318403764,0.010720683415411887,0.0009123298131258771
4.356019726261189,-9.928238974916235,-8.62644942465847,0.013183150134233428,0.0011168421156481855
4.636481729863795,-9.936406946490502,-8.974108844475717,0.015307497666279318,0.001105415230668729
4.51724734924793,-9.904800791249768,-8.934904026921844,0.01363252628048115,0.0009598310912561191
3.763348215296963,-9.883322873844019,-7.746746978336977,0.011241646800816818,0.0009500687816981724
4.6775003426375985,-9.885583854646558,-8.971347837414973,0.01533957595784139,0.000898843503837738
4.303633516010218,-9.92055537530198,-8.753933705117,0.013078873878647484,0.0009615439756387355
3.7004001974083183,-9.93158630910513,-7.543569924847419,0.010796812666187247,0.0010061394314537255
4.964103356608978,-9.92285593991437,-9.612909818330488,0.016096801520920915,0.0007025546838231118
4.332300631905932,-9.920525941167702,-8.803005536248794,0.012841297829215111,0.000915101596656271
5.197182289117346,-9.926512217498086,-9.82969066162236,0.01629485024517247,0.0008460123155584353
4.985190462517207,-9.904651028084299,-9.678729390378196,0.016119155670602497,0.0009514848458144495
4.0912132272574695,-9.884745130016679,-7.992285442159928,0.012875116012363139,0.0009222417189681631
4.264667016742378,-9.95742975723009,-8.529513580788443,0.01281797837260252,0.0010533781322978283
3.3630057211564472,-9.90660800104224,-7.038161611255937,0.00886306142974994,0.0014742886890289242
3.3322925982401834,-9.886578423939113,-7.116302077208264,0.009307825302404536,0.001374066234222305
4.3828595645210475,-9.912306963545234,-8.652090253696475,0.014132144831219334,0.0012319909095403734
4.894893630867719,-9.94508106959934,-9.530859990288176,0.015346802234861383,0.0008261663330643293
4.513005679716119,-9.9360991411702,-8.896615743969946,0.014298775052987626,0.0010360213461951028
4.794180295991048,-9.906959854669893,-9.150905273280053,0.015607788386685636,0.0009628797201458373
4.092267665362397,-9.886837830842842,-8.147257782720864,0.012591306526848662,0.0010275981932458028
5.414143670192873,-9.946039295511902,-10.210783690619945,0.017009652541252793,0.0006672232284130949
4.045354305408222,-9.932282355156996,-8.296403354263601,0.011838880930268931,0.001003629961005689
4.5529817160075705,-9.946010339094405,-8.894728533295591,0.014801879487375333,0.0008054721714103229
4.4596446548802655,-9.874955255493163,-8.850583039282574,0.014092249560719573,0.0009873395024222159
4.904408220431476,-9.936700636368146,-9.230481661000388,0.015551614791972892,0.0009670317619015242
5.032794247617216,-9.905709713933906,-9.723466943769454,0.016469748573083528,0.0009206423083418135
4.241336088374017,-9.954983221981724,-8.669735469858542,0.013144692648275006,0.0013739796240154873
3.964403665541963,-9.917344431438421,-7.954619229023289,0.011857187334048586,0.0009345128583271781
4.046053638423964,-9.875043119650178,-8.001365442658866,0.0127844746958163,0.0009609384870674721
3.5079661742081454,-9.845882742660805,-7.327399005964287,0.010339886268266806,0.0009031647407620067
4.595018897712858,-9.92181623104347,-9.100851213960844,0.01421584967318429,0.0010845349212989465
3.711730881827617,-9.875460054010512,-7.774723966778808,0.010526782880474624,0.0007873102418125705
3.9038093985646056,-9.926057167810681,-8.104871067300133,0.011711012961658529,0.001103902472186443
5.264662202577047,-9.923615686087132,-9.905659955617441,0.016725305827900112,0.0008921536828694917
4.5033386190406235,-9.974646045914218,-9.04969604046091,0.013475811590013133,0.001064380354610007
3.5525474842143945,-9.841406413508734,-7.383495976458157,0.010344278818875778,0.001112164638007023
4.764486505093467,-9.930046939609838,-9.224920385555052,0.014776091841379485,0.0011403461433033132
4.028954200730066,-9.872001580249927,-8.212101836208706,0.01237444492162154,0.0008644791815468827
4.371019032036628,-9.889519232232793,-8.785869372545173,0.01387434359012291,0.000977370465797078
4.8312075223396596,-9.974466970534253,-9.33464853691505,0.015556865536500628,0.0009158310296819501
4.525903113489144,-9.870018278355031,-8.823138987826985,0.0144720356115038,0.0008041471916855076
5.1974298124136125,-9.976725014334809,-9.845444661009179,0.01598053187118524,0.0007831227798704848
5.114144050789871,-9.90861618085851,-9.765370894350973,0.015985534804107204,0.0008823155435935167
3.781629665750915,-9.878829987744218,-7.888188780314481,0.010870409291975781,0.0007804313284995904
5.231013510966757,-9.95644105781536,-9.961740603470181,0.016938988553871253,0.0007871493532383276
4.80749562365241,-9.9782185869964,-9.512080452982723,0.014672260802680803,0.0008721583452907213
4.105954069256589,-9.969268351018373,-8.345173781152493,0.01210619995160664,0.001384276302421319
4.186325887278281,-9.948121717822003,-8.294203797332791,0.012108627263887884,0.0015006998328427371
5.0685908291517014,-9.950261988024666,-9.739219229969168,0.015948816264221663,0.0008216420180728791
3.7879493332479153,-9.929280803723557,-7.6627852275305575,0.010771554379531601,0.001033354152063772
4.076754219689805,-9.903415475739648,-8.286977060539598,0.012020984869049156,0.0008775078313428544
3.6699944187996327,-9.934156482769383,-7.579326408512317,0.009953657895518837,0.0010615756881715184
5.050157490900411,-9.962606738973705,-9.553635272160875,0.016433498027831325,0.001320008656857215
4.336138850222697,-9.951183545191038,-8.761947018901502,0.012578024620242689,0.0007793210045913395
4.293074113410561,-9.909822028379834,-8.65244966851795,0.012728155809953772,0.0009308502746794518
4.297947350161022,-9.934281056169231,-8.612191977447178,0.013113357676918036,0.0009362905105482765
4.679008861569768,-9.909923415233555,-9.156894047622597,0.01534206291009032,0.0009482376525606641
4.373157173944172,-9.938822204599596,-8.776628068929464,0.014274769396488276,0.0010723991893037265
4.011237214017298,-9.916184811475942,-8.16003991542435,0.012100150460941721,0.0009987049934573145
4.899456898149984,-9.971715465648996,-9.394204466241252,0.014843709393317491,0.000885699007436062
4.558921661830554,-9.958032675158643,-9.176048305801064,0.014149966772994675,0.0008988139570822268
3.4402405069210364,-9.884363744729086,-7.174346002368194,0.010018435043887828,0.0010049686205780089
3.9620558089422553,-9.925894448374839,-8.053572268375666,0.0116034554571222,0.0011612492427665762
4.011519077251694,-9.912859320426149,-8.007867677957172,0.011901391081872301,0.0008490074482564151
4.16839241744496,-9.898113375019262,-8.415152353154387,0.012940507685339598,0.001244544086267757
4.771592606655407,-9.94358447952067,-9.073551289043104,0.015241838638686722,0.0009480600925651365
4.6424567175886695,-9.970502775179106,-9.001087702570425,0.013906626230258214,0.0009718528065432532
4.888896505207375,-9.980710409304947,-9.507226973822544,0.015020561364291859,0.0008226306755012304
4.7334468020400395,-9.942129811850325,-9.141415382081986,0.015544763666276513,0.0010929325770656
5.261489738235359,-9.956873754240359,-10.054597658320446,0.01643701097175305,0.0008569825885529412
3.7088250033031755,-9.909025328007836,-7.803956419932235,0.010357701116194796,0.0010857492183384363
4.36200083416732,-9.896569015616054,-8.813932403475079,0.013436903056018431,0.0008589355362761894
3.6282363565927853,-9.904772266685475,-7.591471267432093,0.009958701727415292,0.0009289424585035814
4.720158949983118,-9.98015109756798,-9.28766198734695,0.014186650332266003,0.000837268336184693
4.085556604935786,-9.902626384274605,-8.148984176441843,0.012821136508739539,0.0011598106031357578
4.014802298187855,-9.901277687002032,-8.042616471147236,0.011485319840580696,0.0009939574135315382
4.7097527971686555,-9.903430912111183,-9.154177806330763,0.015161001853093768,0.0010980213955724266
5.1930034888373084,-9.969995598558151,-9.75975825340907,0.016504812806289914,0.0008269706577260343
3.770260393073168,-9.878886654516439,-7.668054930973982,0.012287950150518416,0.0011989119481272091
4.2824483103181885,-9.896525834395915,-8.475060095726072,0.013945955250628018,0.001083556844511265
4.844604860315631,-9.955056135459396,-9.462381773130506,0.015911217154256783,0.0008317402100306311
3.9822051880296314,-9.967545313022056,-8.192189878288543,0.011034753407966398,0.0012519333320381465
3.967550082959939,-9.949683679784307,-8.292901500334652,0.011483113604087323,0.0010270344460720235
3.5132231418712268,-9.896479020207643,-7.328127296045005,0.009819210907685545,0.001113570356480728
4.0493289510180315,-9.932331613462356,-7.9806124945291845,0.012335046331611095,0.0010218795687082587
5.031128479426534,-9.985214867170978,-9.66455213875795,0.01583879083832205,0.0008392174668658584
4.1815461693064355,-9.961906627553683,-8.488611002459619,0.012076295436764285,0.0010787862181758107
3.752893799500418,-9.884655706120283,-7.84840984181314,0.010681503967321967,0.0007901714166905504
3.825512294549683,-9.913540669553544,-8.020290367011183,0.011447886434956178,0.0010776601616140696
3.964250808540444,-9.915845023830723,-8.07108419352329,0.011472216237697997,0.0008113991402567471
4.039684242963054,-9.943661672525149,-8.047323726752987,0.012067746254533676,0.00111769063783816
3.5374867386899917,-9.902928374603995,-7.260264811073721,0.010497266781621474,0.0008743295170100583
4.59445314643335,-9.971512495060855,-9.142430266775778,0.013851441399295106,0.000952203439763794
4.106772875234897,-9.96475074617953,-8.298873372357846,0.01185891341824413,0.0013083607207891592
4.419027168521733,-9.869254423523886,-8.641355769202486,0.013898791861835819,0.0007127726963871649
4.1633783463627525,-9.910378402376514,-8.411642053679234,0.012729847613542013,0.0010597614764171906
4.02125310138413,-9.865273730826466,-7.970362656472799,0.012921465364147407,0.0009870104431712813
5.130769580753857,-9.912786131612684,-9.76763724901513,0.016294580978249703,0.0009183979559343172
4.722017431349773,-9.962656622001601,-9.030744059318533,0.014440581027707332,0.0008668948163617742
4.033404047885452,-9.895807802130827,-8.138945677750298,0.011815729093679004,0.0007950857860961006
4.039206427449674,-9.91971963668355,-8.244489191273827,0.011784283691488885,0.0009349463783611315
4.622593168405888,-9.965122413071406,-9.014840802451994,0.01376167587458867,0.0010289185513671075
3.5189396997823357,-9.89530282836426,-7.261369586297192,0.010732731005035741,0.0015351165537029114
5.13084776206974,-9.916892322555768,-9.58770437437255,0.01651463017623963,0.0011867189670684275
4.944527389886698,-9.895938606855227,-9.44467470197295,0.016328324480834953,0.0009008844930558417
3.778766688704823,-9.926021917985619,-7.788459449525277,0.011430626675513894,0.0012624902042370982
3.852935591210557,-9.916526044689832,-7.804395175474427,0.011386926198411664,0.0009583792765100088
5.007866392242029,-9.956632544813816,-9.792803279770672,0.0158811717762504,0.0007735458913601027
4.596529911528716,-9.932719568792756,-8.935555770756038,0.014505413855255986,0.0009240976141856765
4.097403346609272,-9.842555962898825,-8.28729424146933,0.013026484558495083,0.00112054800613984
3.813803963043018,-9.918366252779121,-7.838144105688197,0.01069670737961197,0.0007490135733877524
4.7232291080161595,-9.94059037886877,-9.421708846886885,0.014337270134858283,0.0009740301408498105
4.244297369634822,-9.897764614454061,-8.527250266066073,0.0133497042873683,0.00133097284466055
4.4182719462761195,-9.922091634108822,-8.577662689615282,0.014659217569260875,0.0011708764136557131
4.35253342389239,-9.928316358818593,-8.705714715150405,0.013115622849096472,0.0008919848925406958
4.780662975449803,-9.918606984174371,-9.125580367426092,0.015764620522939175,0.000897339428394923
4.438970152642855,-9.972361072986539,-8.678955219613812,0.01365028804132874,0.0007428522433768377
4.623142189850585,-9.978645865813123,-9.053204034890001,0.01430360844075834,0.0007487849608397559
5.235674497463947,-9.947370457574618,-9.987290453606136,0.01605568773170955,0.0008931669385871898
5.24244074436712,-9.92107074278553,-9.851199968320943,0.01678696843705795,0.0009914760889748009
4.300424094011031,-9.851809092593095,-8.566318138057289,0.013770274104466148,0.0008796589864753539
3.976725618791386,-9.924148936496294,-8.203866446695793,0.012266323917380119,0.0012830741185892436
5.043880912798904,-9.982904386808512,-9.61003069246363,0.015630853922564983,0.0008024156076624797
3.6967774546036467,-9.916205353527868,-7.722542683980845,0.010476382047542915,0.0011887650349902252
4.28990208707684,-9.943281889384522,-8.615992948087674,0.01256444154459024,0.0008888259166595602
4.805534587558411,-9.967179921051839,-9.552307125623631,0.014474127804958466,0.0010436776121740474
5.218503549394344,-9.935767366009312,-9.756377190766386,0.016787933636051227,0.0008078845562334828
4.751157971383512,-9.941480458575217,-9.388372294490935,0.015261865134423739,0.000674530380315661
4.001692069865933,-9.923197485234052,-8.210513592648274,0.012714126927241613,0.0017698888392411692
3.8266200542054687,-9.870028754734378,-7.719142024137785,0.012071719994768682,0.0013820803883506237
5.148476680597177,-9.959851176726502,-10.001556643296642,0.015997771874478223,0.0012294237433921882
4.392712437591716,-9.919725374895744,-8.853707523944031,0.01359381108668715,0.0009698467437947595
4.085757217324655,-9.919885141362615,-8.22186131775331,0.012336905297274225,0.0010418222487606958
4.419378203075322,-9.961655722870496,-8.744655471056443,0.013515498921467828,0.0008373984079837816
3.75352952539022,-9.853296724341064,-7.759289973951378,0.011002601813680223,0.000807299076331074
4.582694547552952,-9.979502298983816,-9.089128075183629,0.0135127392588115,0.0008077243932156249
4.363794716645148,-9.946935914736233,-8.681379524934822,0.012871950444002014,0.0010419169040219948
5.486635039813395,-9.95046295591538,-10.209971603059513,0.017357975589664842,0.0006705873661364927
4.205671217616994,-9.91977452453029,-8.279735261119965,0.012469760175763279,0.0010107406820843042
4.672547964741559,-9.991554077759009,-9.11593859384234,0.01444066940514981,0.0007169989067185958
4.148894000184532,-9.892833223636558,-8.34930741655357,0.013223259199740128,0.0011853737468367034
5.296426850838495,-9.94011310961543,-9.97526271454255,0.017377696149948524,0.0008464853111036422
3.740980793754279,-9.94134538846251,-7.610889339249885,0.010432369377324084,0.0010433626148758756
3.6754137331979058,-9.849954705296305,-7.514492635576893,0.011038866048728231,0.0009265703566157402
3.581909344078473,-9.898257674733024,-7.384193807090121,0.010222886821962148,0.000983477906439618
5.038166653807169,-9.917332828827254,-9.68503464972471,0.01593917609611083,0.0008988942483053383
4.992662924754107,-9.908218002900352,-9.652755386254654,0.01643570463765541,0.0008410687981269303
4.465036084386937,-9.924415019475019,-8.742042319673034,0.013874091727206876,0.0011007870353444745
3.7976249540991684,-9.900864704465631,-7.75610931055233,0.011075003994266369,0.0008163798016494116
4.5595445321766945,-9.891301637146016,-8.782715350666962,0.014506890180593639,0.0009791863892589057
3.551850801518774,-9.889236795162766,-7.319349737887776,0.010683225686424784,0.0009974781977287398
5.246250096056248,-9.92855785704459,-9.837755666287375,0.016728143503764527,0.0008818066452790797
3.7997953583491064,-9.935376385614395,-7.751830734529903,0.011218426532025726,0.0012851289644963111
4.150650833968729,-9.866694413102987,-8.294733942645752,0.013928680643196622,0.0010457147588968814
4.048358270882548,-9.94838654676461,-8.2760873736393,0.011507627359232903,0.0010240207298080118
3.9757303257606926,-9.888790050061765,-8.046083138835767,0.011909558599454424,0.0008495243884287999
4.77846800349632,-9.956473067170306,-9.221589171464974,0.015131163632875167,0.0008113048911854919
5.130134497168096,-9.91862876863553,-9.78314590464356,0.016254554160157662,0.0008583721357998073
4.65258971698482,-9.963236620292342,-9.11633380141734,0.014936745470510859,0.0008519117724321787
4.6341493954158555,-9.905279702523933,-9.112540753021806,0.014342520976311935,0.0010128920308971581
3.80383764939273,-9.89686833723661,-7.950821702631326,0.010982157397911432,0.0008306896969095875
4.362454369610454,-9.899026217617351,-8.628261199361143,0.013385496063109155,0.0010025439535104638
5.491884897078187,-9.960963502591115,-10.368262544936995,0.017267265227430457,0.0007237357566426639
4.5882616177337825,-9.97520647376386,-9.233049977286203,0.013824267224037729,0.0009893077767383954
4.865611631006242,-9.926605462373805,-9.56714331462765,0.01594112743140253,0.0007697048760292379
4.271680886325956,-9.967284042920143,-8.396869101702503,0.012915954704843666,0.0008717954112413681
4.570604765086151,-9.932014227045135,-8.81214283677016,0.014407250751542387,0.0008849689890234546
4.373582951730577,-9.931926155910615,-8.51780403937793,0.014025432049372153,0.0007831837197983903
4.220160483133162,-9.921350730539233,-8.475028816145123,0.012389603854776617,0.0008923698145932838
4.547072237911193,-9.895391412880862,-8.743238900221282,0.015319251614801226,0.0007246894394653116
4.904998281462887,-9.930429253459216,-9.303216907917248,0.015936488607502717,0.0009578711246890742
5.234440371893326,-9.962206500057894,-9.923682466817725,0.01710168384285936,0.0010082273601567274
3.476878868439259,-9.897646291667234,-7.301902320103212,0.009620473311542218,0.0011462241954551197
4.216609207428592,-9.939437085761762,-8.586075299119333,0.012911747098726382,0.0011195287128532615
4.677575787990363,-9.96372958915136,-9.133784242190414,0.013677451347392369,0.0012137509251549322
4.184346663679828,-9.91805687530629,-8.637527672148625,0.01292833988404862,0.0010970754715989932
4.9896074979134974,-9.929418551424229,-9.61966725091897,0.016633610179821335,0.0008020620048564982
4.223088800529243,-9.953183095210857,-8.602652157363028,0.012035143339846453,0.0008206460949300432
3.9832738321986065,-9.962603129676625,-8.178536062010187,0.01189637935211585,0.001193604980886663
5.288135471893074,-9.959130977256073,-9.899264486948343,0.016315726018061243,0.000916280132518141
4.846554417131787,-9.901530449302678,-9.218328301486412,0.01632566889459476,0.0009208045951135889
3.46763321541859,-9.911351277910846,-7.296452033441031,0.010056775861901839,0.0017496887634475765
4.658627520384405,-9.917795853223913,-8.932927717444661,0.015275954047216189,0.0008783958653837227
4.945034214378575,-9.946806789194518,-9.417836624295639,0.015001111718763206,0.0010126793596849175
4.9019696387855305,-9.90208941873708,-9.352026310392805,0.016109175429416825,0.0009212991252579211
3.6893047747684027,-9.954547123209998,-7.751501856202808,0.010658248860256668,0.0015062409498506017
4.30281890968322,-9.89334088165047,-8.512077938609554,0.014185770965550716,0.0010024702855159484
5.227264846738984,-9.931840517850546,-9.87763405195049,0.017047835041904418,0.0009006787416321107
4.093087877452202,-9.928705714840941,-8.271283137934796,0.011726211165745978,0.0008151203025534955
3.9641395753805595,-9.932056063266215,-8.29066097712785,0.011477036813719947,0.0008790226255442377
3.7019054288288418,-9.870769795147837,-7.761457938057591,0.010599687717284848,0.0007978691127918044
3.416659758714882,-9.931681175067212,-7.127181749049986,0.009163896641246144,0.0013514648470514684
4.472688979292101,-9.870420291354396,-8.628330873482811,0.014331207055801366,0.0009396858237392255
4.153332355385093,-9.928968195038022,-8.181650200841792,0.013325598577406261,0.0009667919812101246
4.254950031667487,-9.86542360472369,-8.601106468091343,0.01354947125820773,0.001169181351878765
4.716666764252989,-9.875877276330439,-9.147699668387224,0.01542421986927085,0.0008845837697368451
4.359206301217856,-9.928983170084159,-8.492582755747373,0.013746223437857282,0.0008128916949055964
3.876298650406676,-9.932638530998599,-8.021805453771934,0.011611715430171891,0.0011912524184906344
4.591195875393302,-9.944653153342506,-9.22175918183064,0.013757386906209907,0.0009125863277458486
4.167216447300456,-9.901544359439741,-8.221730953474655,0.013412558404020607,0.000877650105423843
3.776972849079716,-9.90920968299819,-7.750029958387033,0.010554651837286402,0.0007307567685334096
4.145108422758392,-9.980157838215005,-8.314981395551749,0.01248126479122014,0.0010058567411083841
4.961946826408123,-9.939572877322792,-9.709641858479802,0.015304823081447516,0.0012277025553962587
3.86543379602729,-9.88243885004612,-7.870065733423781,0.012714532346106075,0.001094372566221315
4.404492173991456,-9.929623634715966,-8.733025607502622,0.014719569923621065,0.0009313787606701415
4.931506307985764,-9.921871419474247,-9.635948832545411,0.01602348950781724,0.000795195137550433
4.627507641879259,-9.955787554362796,-9.107979051377878,0.014762569097860402,0.0009619920082870035
4.487503283370352,-9.982968520898087,-8.84297758569971,0.013134789012688974,0.001039391970670036
3.8483673562109417,-9.94383379786059,-7.920944082000855,0.010730193070592507,0.0012291323758809585
3.836711807656239,-9.918444163979423,-7.776619079488835,0.011254422231273495,0.00097168011184761
4.318287421916788,-9.949620641656535,-8.714497866540688,0.012461620274563469,0.000816304598908553
4.8853274725761,-9.898184644996814,-9.33598815799268,0.015731771845283543,0.001048557812475948
5.268329212158429,-9.948118183225258,-9.966517785078125,0.0160925567405657,0.0009124853152460347
4.837372922959033,-9.940995531152454,-9.466498975692884,0.014304506717822149,0.0011002891988513863
4.110180856897161,-9.883262375751944,-8.095516384843355,0.01321521701839852,0.0009199435703262527
4.032225133989956,-9.91022829572696,-7.999767422158734,0.012328561536304745,0.0009248377297608788
4.401370502034648,-9.904009954867943,-8.71399042251336,0.013570685054931383,0.0011814287214524939
4.171595525422002,-9.878653768698866,-8.201237683858148,0.014031868510638734,0.0007884691201068877
3.9110375213823056,-9.838943597318778,-8.005799835397271,0.012330724618209086,0.0010313631550621786
4.911894148108866,-9.933384001358041,-9.309870848273942,0.015275927685131495,0.0011839541070885154
4.219195048708299,-9.859953726323633,-8.46397772323555,0.013049648158805277,0.0008943861065703186
3.5523268392473293,-9.84120148993587,-7.3833779332697755,0.010515615564994276,0.0009229473204976153
4.012832612882874,-9.943058236055782,-8.185833853752134,0.0111098838728278,0.0009778791502031055
4.021412310435078,-9.894145081691404,-7.913211117104388,0.01218051541842352,0.001042695030610044
3.5741894706740562,-9.845808549362959,-7.4915912537005,0.010367652632097267,0.0009843385191396707
4.317460463166578,-9.90571806056417,-8.523175381482359,0.013312555262589053,0.0013204104544026296
4.473030104889405,-9.93250652338355,-8.713565011552683,0.013888309509623671,0.0008472095974609218
5.278720328703416,-9.930140657998283,-9.937737555709697,0.017487909936379126,0.0008501713066284096
3.484051592242275,-9.853762896021722,-7.3736035103185955,0.010441549219893527,0.0014552011161680129
4.781978803210626,-9.925878790116606,-9.202607655763023,0.014502203807781004,0.0013437430230716517
4.481747057747475,-9.922206349230017,-8.80580345427198,0.01353541024253009,0.0012055220830935113
4.321016184626502,-9.922872707168363,-8.576958879091192,0.013548469393415507,0.0010763055411582255
3.9413135856481016,-9.866716516245372,-7.985441749779581,0.01190934406616801,0.0006418098545448987
4.409654404138881,-9.971619402629237,-8.869446924629614,0.012905292234582037,0.0008872905563705123
5.4335361056758,-9.949721613517607,-10.295101018849639,0.01724910115690976,0.0007449973062140552
4.0231876834099305,-9.851444448147614,-8.163797675686284,0.012761279032103334,0.0008199047799440189
4.491804342798756,-9.886556901323594,-8.74405590485133,0.014169024498193673,0.0008312976850229153
4.500837873730393,-9.91122593225858,-8.90280802873579,0.014939295601643622,0.0009176035847582614
5.271662675211731,-9.964203399168559,-9.987488250666328,0.016822953377789218,0.0008007736868128322
4.134692800876136,-9.897176934458026,-8.134059312904187,0.01257842028491733,0.0008994515628267404
4.956544185006395,-9.939601249528097,-9.498826758720783,0.015101538449507543,0.0009154468234881763
3.8793812273848998,-9.950291396515281,-7.841555662921138,0.011853534479127953,0.001423908215419514
5.297859176247774,-9.945081359460179,-10.031258306604602,0.01657777911191278,0.0006458330284129181
4.097843074049474,-9.932421970356108,-8.393911491900136,0.011602253220216754,0.0010235025677093283
3.9444944073323582,-9.878768406982612,-7.867098213206179,0.01296786823315458,0.0010010124059157193
4.716663608725662,-9.892109538302291,-9.229522630618797,0.015723045759773343,0.0010456105023558251
3.3871780418645288,-9.85601851511224,-7.163516511067553,0.009909780160926663,0.001172422364507515
4.518830560376388,-9.92377671573769,-8.938644763758438,0.015195752271867787,0.0009196387470879
4.10776175827756,-9.926548021790875,-8.361369842172996,0.013246314092970352,0.001609927743368871
5.132448247455071,-9.969663904675027,-9.65229579474577,0.01601707407908727,0.0008076387794657911
4.346230495658929,-9.931757313894444,-8.615996992352738,0.013122045918235164,0.0010821386108614437
4.041569077154567,-9.858713894685557,-8.066905724409205,0.013383146188883175,0.0010177355987599228
3.8954439071515066,-9.944847008501315,-7.956477987215145,0.011073909734296948,0.0014622138063218194
4.747257407486108,-9.962131746624445,-9.27092795402423,0.015373211053841932,0.0009302782675531525
4.075793661731955,-9.905041978040776,-8.247697300590383,0.011894326612983973,0.0008315930461289242
4.904100699759521,-9.950444388853377,-9.48953223346664,0.016263243463930828,0.0009402116037398214
4.388366422764974,-9.936063498997108,-8.514635191530779,0.013220838825784929,0.0012125626272209524
4.354987245954294,-9.875552017504141,-8.66467957561907,0.013156068612626486,0.000907505511154476
4.184009228512419,-9.950083123218254,-8.300539127505585,0.012887955274949925,0.0008429212366226788
4.664710932452185,-9.88179773887823,-9.125142670318718,0.01457880461937533,0.0010390060063715533
4.179277572095234,-9.935123861790302,-8.386872990769398,0.01351824847773162,0.0010089581728001046
4.460439729159958,-9.919661760101324,-8.827981837950391,0.01397973964680547,0.0013457560437737269
4.76213218004999,-9.93834271747555,-9.451057700540666,0.015228728644068915,0.0007065037509630055
4.501212478475626,-9.924247908664325,-8.923887643559366,0.014587391714847294,0.0009311050410298411
4.776123804980816,-9.978787159914049,-9.293513091318284,0.014756255602788747,0.000823292041841051
4.874924782316735,-9.94128007897331,-9.315762016043948,0.01630743199280652,0.001275989159678504
4.905982442745172,-9.932268570848057,-9.317684394915823,0.014980952255047359,0.001496963325892005
3.6750495800389964,-9.850553746164891,-7.550460694747883,0.011011633593954878,0.0007834938188227625
5.194493108972114,-9.964311734455952,-10.014506181886798,0.015907891892360887,0.0012542085611387593
4.5215352636629955,-9.945445945170528,-9.091306889287322,0.013626390163157654,0.0008357131831548342
4.694232528127933,-9.917672741027465,-9.269453586867263,0.015375700093476259,0.0008211862508517678
5.039332437267841,-9.959601603214878,-9.521936093169469,0.016103860680243515,0.0009347817176311748
4.725021847574857,-9.918776538941946,-9.170400342981422,0.014418204289431615,0.001277509894856433
4.90382657357461,-9.915431693322741,-9.42464982187309,0.01607730032588364,0.0008595175973767701
4.136801128794239,-9.914760966623813,-8.46532909391949,0.012264578532175283,0.000958923038090866
3.3619642853282756,-9.85635547566606,-7.168046804129024,0.009292576376063589,0.0011717178260815
4.066924137874154,-9.952123208825354,-8.153510918877837,0.011671404523112175,0.0015507980924190242
5.204926096469212,-9.971512890681534,-9.806546546751523,0.016308128300613064,0.0007521047349761704
4.671402213150208,-9.891588971331677,-9.243241099045772,0.015315456810297546,0.0009094394179475962
4.4138922267595335,-9.918198019892662,-8.842730264646114,0.013311562176801774,0.000935007992018984
4.6297140366915315,-9.972773207669444,-8.954731647547495,0.014829557762848377,0.0008832739723661613
3.5994604796167815,-9.863411499467777,-7.497382299465642,0.01011774407990648,0.0009079753444305984
4.803395379846592,-9.980068112950867,-9.2194725637041,0.01471150522861697,0.0007788785045912345
4.9423070162736655,-9.973563766535793,-9.73954529313739,0.01520274543610667,0.0009394653534011976
3.6231803155726925,-9.883499324993156,-7.575466688090919,0.010424329617717172,0.0007859809970423171
3.768268897859837,-9.873631028598497,-7.795928976494861,0.01058380723816293,0.0008629250986452947
3.696203224839004,-9.887548083527163,-7.716505247363515,0.010227469281093641,0.0009342638329049326
4.538433431943056,-9.947374794226981,-8.949017812478951,0.01375456976499976,0.0009502258192451997
3.3143360338084036,-9.918977163858397,-7.003174095229856,0.00882831955005331,0.0016191262477955257
3.588313151087773,-9.869564466456936,-7.401171201931885,0.010474747085524715,0.0008697941195913448
4.306978663461331,-9.958350828018808,-8.580801361550012,0.013114308376553563,0.0008968337621418211
3.4149848013342967,-9.859016811077748,-7.122759535391079,0.00987951826507633,0.0012720022080447214
3.7239967897711233,-9.877138159305138,-7.564808088314102,0.011886727434827328,0.0016971230053316555
4.8302383762578645,-9.889884656020774,-9.22761796314913,0.015907037718769945,0.0009059460044713166
4.6294220355741915,-9.964588204612483,-9.011701854724716,0.0150896874412363,0.0007758635776265426
4.819046528777173,-9.914900189139658,-9.362791144290929,0.01619862005722347,0.0008713719741531308
4.259146333018527,-9.928326242379143,-8.718160872327086,0.012985429052802045,0.000997791873208959
5.069565931421428,-9.926519753091492,-9.657788045815444,0.01636659520089101,0.0009063957954333154
3.741096086933331,-9.862327132136462,-7.689700006784709,0.010968496383766508,0.0007236574275724327
4.638260448993265,-9.955988492428604,-9.096798646163863,0.013983927377128589,0.0009076590166956792
3.3036630150231963,-9.89104394341818,-6.911593808599302,0.0093692219457608,0.0012708659068351974
4.2570384860969295,-9.878082633922556,-8.35653844626343,0.0143440947083323,0.0008156007429301151
3.9839547875026193,-9.903310402125364,-7.854399920342742,0.01229758174869145,0.0009913835517575801
4.464755329762744,-9.927184073010332,-8.855762379719007,0.014966858003925696,0.0009316197009602592
5.185822742192906,-9.938113879347288,-9.683149347219604,0.01677685728521026,0.0008412721566144059
4.175325904421186,-9.858974309552616,-8.373560138017742,0.01391059878200341,0.0010093736437616783
4.779492165090022,-9.950622322309155,-9.417881882780888,0.015273118304389984,0.0006943800197409244
4.870076807207721,-9.903151433218222,-9.244739474073237,0.01610325043214984,0.0008517080319909924
4.4812818793651665,-9.934656841910286,-8.971028144811385,0.014155672965492035,0.0008265249283371356
4.3391072932605885,-9.962782925070474,-8.844414013965267,0.013026050253919641,0.0010640615367752133
4.480703789702064,-9.95761377946233,-8.768251787941676,0.014322831044933218,0.0006635318971765877
4.103985808906616,-9.855136349770378,-8.220990413981522,0.012999079515817866,0.0007354515116274438
4.601370675138536,-9.988876479116296,-9.065804553811855,0.013629106673003762,0.0008909338712506241
4.660556626862848,-9.95727678146718,-9.04978477217561,0.01390092212819945,0.0009889555224474487
4.715228534083919,-9.912894954182129,-9.145462124549974,0.015705783438395595,0.0009492476205457687
3.86768735532574,-9.932974845952897,-8.097912846584958,0.011128424453593723,0.0010547813061913146
5.262374068894097,-9.970069320161421,-9.940215498542567,0.016295428119538748,0.0007071054574840175
5.294905944974438,-9.97346113462996,-10.082785815718713,0.016651260928473594,0.0007616634716182276
3.9239656282016053,-9.926694682701731,-7.964026956963496,0.012253108963924349,0.0011951696473667703
3.6906424276889394,-9.849617099353813,-7.691905937132599,0.01153070530696454,0.0010166417229662546
4.444508951793843,-9.924364251224265,-8.55639548426419,0.014404850184502476,0.0010212966810862866
3.979384424462607,-9.906409217398242,-8.158580092910814,0.012856856017218404,0.0014715856738172638
4.343314636666188,-9.951675050812922,-8.693152766666339,0.012859714965110597,0.000914009694745898
4.63047495734922,-9.918385333615053,-8.885958777150304,0.01520914479046263,0.0008825968555211928
3.5384709640476966,-9.926907824716032,-7.347400448150677,0.009639832885429182,0.001084070734705153
4.929660100647037,-9.948349066757407,-9.43297856019523,0.015225202414079752,0.0007463304428692606
3.9587232144530202,-9.873805054110901,-7.892016491471907,0.012187878878129504,0.0008783901774557409
4.884215262662405,-9.907897533452358,-9.29342776636619,0.016178137050009103,0.0008508036214281249
4.756053604889668,-9.943578817534545,-9.163845138432366,0.014556637141416091,0.0008441238106018241
4.631810485690072,-9.903939537343945,-9.1858403412287,0.015075173073856078,0.0009253363572497424
4.324469613179965,-9.936544149791784,-8.536421670951942,0.0130333542312112,0.0010174282159933425
4.071993294283057,-9.95541695036745,-8.383225184738345,0.012053284858143979,0.0012083644858488134
4.847721610091066,-9.920861223367812,-9.484656173763476,0.01586142661696241,0.0007465282417721776
5.52879532481693,-9.960849243281535,-10.38743239894548,0.017504935235668963,0.0006856947637854265
4.5706259055270815,-9.938375506881151,-8.887231335539227,0.014210901302426197,0.0008027131260209079
3.258236983455026,-9.868259430404638,-6.927124292969705,0.0088523432298128,0.0016475370714178806
4.25214443637858,-9.951742709639827,-8.418146603562995,0.013475557497108513,0.0007526375991924144
3.8050560257892374,-9.92277882063752,-7.730494991493566,0.010784000789400816,0.000956140239165489
3.4793433981669217,-9.863021055656972,-7.290456135421555,0.00963445079865611,0.0010222633365348126
3.7537948785151034,-9.838670298070413,-7.635783494772868,0.011276319627099277,0.001191138852616337
4.409492556964821,-9.945358405107493,-8.618737182947568,0.014346975002533397,0.0008033029506255317
5.108758344054508,-9.97790054056862,-9.761991389068328,0.015566620747183003,0.0008117437223428763
4.5809891775458285,-9.939630256738022,-8.860761458407492,0.015205696313174826,0.0010768172721309789
5.29231005737786,-9.978568958836817,-9.94345958320933,0.016655982220990944,0.0007775736621265553
4.153182442469009,-9.901908005225607,-8.329221888018465,0.012288865434551913,0.0008426828284095714
4.31273041274069,-9.907689526291657,-8.48255774526718,0.013054359304000437,0.0010764469620106747
3.8799082659016353,-9.94145937786809,-7.816792846867646,0.011961012685551997,0.0012168835942532614
4.8890204467298615,-9.917382101072294,-9.455482721226106,0.016430531427973058,0.0008586384426969148
4.062918062096573,-9.903724696899374,-8.066814507930559,0.011829476509702626,0.0009932608966914257
4.90165401488292,-9.936532558123234,-9.369578016842368,0.015852288013240616,0.0010056676099025712
3.8669907635613465,-9.844926880739077,-7.774901317704466,0.012689746375205499,0.0011237598315877073
4.1554169458598365,-9.908241921181068,-8.294651268398415,0.01306970710872667,0.001152549184931949
4.302310899812889,-9.8921476093754,-8.408423353689203,0.01436053336697704,0.0007150749149957876
4.9158326587059396,-9.935680821476813,-9.489724806326132,0.016283361693219558,0.0008878363412305123
4.221587696555345,-9.924902066299845,-8.387169745879818,0.012315735927737007,0.0008446877534115968
4.910838117828114,-9.9541084608817,-9.387967297407775,0.01591279493670638,0.0010940551785763519
3.6702207621883334,-9.857949432907585,-7.53909244081537,0.011342622506992793,0.0011945434210813787
4.3889803450003155,-9.949215306362781,-8.595286940463836,0.014097196498764265,0.0007202135491867561
4.724066052911378,-9.937136856767024,-9.38813633431837,0.014431335605067668,0.0009365494770869464
4.75450207143439,-9.932415513038677,-9.17203953152084,0.014988008047344965,0.0010103700789235823
4.708036854876746,-9.915885044837454,-9.123212324057045,0.014575991761787196,0.001312024391656659
5.073975445090905,-9.961207232083344,-9.664403493211221,0.016500160400561542,0.0011184339793704234
3.796211104417422,-9.891679346726315,-7.865557889874841,0.011767155772513766,0.0012342775655393593
4.764282937539548,-9.989840439928955,-9.358485316346943,0.014221041838480851,0.000825701678663044
4.615814378916046,-9.936041321117012,-9.212472142820058,0.014186703657800216,0.0008513019607893293
4.61662312562452,-9.913717917495866,-8.888313141473384,0.015181847426633107,0.0008509912167235702
4.594109732850515,-9.929306158997287,-9.09734297300213,0.013996250831015878,0.0010573018640814408
4.931552655927676,-9.965468852871336,-9.497050735284741,0.015596888617924711,0.0008815363910769323
4.3340571219340775,-9.897599145801498,-8.369999840120418,0.014112990997491009,0.000769801487228857
4.844893832624731,-9.962285602505634,-9.379723251545691,0.014733586901275325,0.0008448011873265007
3.991025456393296,-9.935324836530713,-8.164731941559205,0.01234668930062676,0.001276948564970183
4.263090755813485,-9.882665681471869,-8.453925728857508,0.013139978205368585,0.000708621307816849
4.159004680670064,-9.94245436773313,-8.29863839894345,0.013143804783872613,0.0008160130457251096
3.9890673889582997,-9.874594418253704,-7.906648258427616,0.012267926998579993,0.0008143938699441789
4.587754160616368,-9.929914238456385,-9.152633647131054,0.013792719209154872,0.0009360707832911104
4.171115339989572,-9.942221175026742,-8.328541315944323,0.013387764212207871,0.0008247587871515945
4.1206789986780645,-9.940144054436189,-8.331923483028774,0.013378090524025514,0.001096733898112708
4.899431838415995,-9.917990068236465,-9.427705094670348,0.01591473909722417,0.0008977217145109252
4.1344967825269,-9.88203896542788,-8.322073872193215,0.013269816582576217,0.0009531432811750859
3.5945686023095935,-9.891865726992599,-7.452787122774048,0.009895280855911077,0.0009114897197960139
4.860444620428343,-9.942138870491455,-9.422730129025538,0.01488115222075568,0.001137234717965336
5.282694130776041,-9.956524031868964,-10.07809312469369,0.016991330040085757,0.0007037814097578046
3.8597672274256367,-9.896242035419387,-7.676135831057611,0.012206022828017417,0.0011387878564337267
5.178366637103019,-9.945268374373935,-9.868735866107633,0.016909905434531143,0.0007912412040213798
4.6122692043625,-9.926645529739297,-9.084100695669173,0.014860576992149384,0.0008992824410289053
4.849304195543697,-9.906857499628325,-9.459905707261477,0.015641221542618128,0.0008379430952906204
3.3940361882754266,-9.871527645428246,-7.092913915531216,0.009462127933915295,0.001360066014903429
4.558712218609179,-9.893162782426998,-8.83067653121295,0.014555500949230134,0.0009921144074110945
4.660318629908145,-9.936478431453128,-9.354279730940197,0.014622258154397695,0.0007078237131491498
5.114603064621746,-9.983536017914208,-9.78496650166344,0.016359369282038027,0.0009945813348575872
4.459701144845558,-9.901579256191056,-8.632621507935353,0.014484529940727062,0.000810126740421181
3.728300032229704,-9.883176075000693,-7.784211244723372,0.010800669200889977,0.0007695598692637952
3.7529085838543095,-9.894618284558566,-7.708040031163694,0.010270480000520547,0.0008709306711364623
4.040196681489519,-9.838144670806116,-8.048968315742076,0.013010138752708048,0.0010483764552187875
3.875086305246729,-9.902087561443963,-7.942179775876619,0.011103512022772774,0.0007826898698062103
4.08984982155678,-9.92013561990449,-8.101059618048605,0.012306885119813506,0.0009716888290214094
4.8626942853677075,-9.900884707423506,-9.503627389601808,0.01560954716138759,0.0008879012379439381
4.779493947922307,-9.94645892753607,-9.467069148340249,0.015247265737001622,0.0007094168998652268
4.216048980391288,-9.961110111332118,-8.455242841140667,0.012442551048064942,0.0012663292587819378
3.549212786513002,-9.92067773652567,-7.551861120401205,0.00987691091628153,0.001859085192079578
4.282775720784066,-9.936058268831868,-8.442043122547075,0.013016579741854665,0.0009494912662630496
3.700535645680505,-9.860467795736325,-7.708600204129701,0.010756659912566944,0.0007804758629962805
5.058541369815757,-9.91668087004874,-9.610825969601526,0.015890192095726775,0.0011137836022966057
4.169885544559754,-9.931680205043266,-8.273930685389274,0.012137174707632016,0.0010317717657951724
4.805223611206715,-9.980460371340568,-9.46898469311748,0.014846455414366027,0.0008909323342157602
4.601222061924059,-9.868304564327948,-8.99092245243186,0.014878402441050795,0.0008460771689284601
4.762217827452343,-9.94691218045247,-9.15105983405609,0.014906478977791649,0.0007718993922668607
3.5457694729707243,-9.8757867745199,-7.4102733149197855,0.009550968948083771,0.0009645885505927581
4.073253814151434,-9.905176382240072,-8.297451092102822,0.012944037898236022,0.0012409999453550297
4.779456191221813,-9.962142382277316,-9.297897097078504,0.014381206200088566,0.0008923003048543014
3.8337152322312695,-9.924958469051573,-7.827627110622379,0.010583857744569854,0.0008406674485301788
4.000330929592664,-9.935611193468464,-7.937718794545783,0.012599571100561768,0.0009895663330493942
3.7681208840643134,-9.870915189407324,-7.892322315462106,0.011431507907332933,0.0011053517167978284
4.082567839349351,-9.958400810806795,-8.42687405025385,0.0114493789752003,0.0009245234658539245
3.9203443070641155,-9.917947550051135,-7.884535369830549,0.011255717721327812,0.0008954261513384518
4.646534186341465,-9.945947971934466,-9.01549827762033,0.014319233404198467,0.0007833679519381501
3.325397816067827,-9.880169556125002,-6.973831258333814,0.009578621725247276,0.0011357539351042982
4.377256202745299,-9.922317756645342,-8.541549309829554,0.013215728585592352,0.0011022794460799254
4.645896704750632,-9.953775643699974,-9.133454919506962,0.013610115933737702,0.0011601424098539334
4.223498405836441,-9.935685326406817,-8.522569218403518,0.012868946636302241,0.0009676816928134058
3.3943910197111813,-9.935159372343092,-7.193173609913561,0.008740236344755072,0.001468436462217337
5.331798008579303,-9.970583384171457,-10.009572878120062,0.016442364500087483,0.0007983394342458706
4.180130333366938,-9.87184319466468,-8.467532314727919,0.012866768999197538,0.001087024608650184
4.280114397722614,-9.887422125716387,-8.649030804427241,0.012920765990399333,0.0009701423694202079
3.819817870536589,-9.844143574985825,-7.891311994312874,0.011712562876427244,0.0010418492065472555
4.812691028471239,-9.93434881253622,-9.527186214883804,0.014925957311215786,0.0009277358883158632
3.8589376539375637,-9.921694181587599,-7.777189740468962,0.0119926370217101,0.001163080526509992
3.6771984298583758,-9.849973519084537,-7.650058237587907,0.010972515039313265,0.0008125394996333131
3.839783693183519,-9.921967445850434,-8.003342300802194,0.011999194954172508,0.0016877192151404416
4.44507247760842,-9.91308516745133,-8.71114745227365,0.015041477125742957,0.0009464332606410805
4.2041537132796005,-9.897359222501278,-8.287536602707279,0.013994687637694772,0.0008532276304469347
3.405306356612544,-9.893601778394292,-7.213745971051464,0.009655164769804794,0.001337152595186914
4.2856957476107125,-9.981154213152688,-8.725062517678559,0.012513003460418058,0.0015950287978440652
4.468321041043566,-9.963930500765017,-8.71464342831197,0.013349101250368083,0.0009928831610466794
4.600991038167043,-9.910626448427314,-9.061911425910269,0.013800493435729665,0.0009638569568033687
4.25805227816385,-9.878368687994607,-8.51160128140834,0.014125540414662172,0.0009649125617089676
4.908013516699287,-9.963334704713366,-9.639423701412317,0.015761484288776904,0.0007694796535693079
4.281647495446501,-9.893340632419486,-8.575405158379134,0.01442526028733876,0.0010881253308261762
3.782750312660009,-9.866381704326006,-7.587518286972147,0.01157002303484773,0.0009562480175212998
4.123536139569781,-9.932648209344205,-8.183253010917028,0.012355431658732834,0.0011119679309248996
4.893826581981281,-9.964515035252042,-9.59814753437866,0.015699003241188874,0.0007711030210717678
5.131951145996709,-9.94211712970876,-9.919381312393345,0.016376380382258103,0.0007487868349785525
4.689725018196937,-9.965219854710657,-9.203412287959518,0.01424953030291199,0.0008603009769197541
4.173805719758456,-9.954190152520237,-8.545793659351412,0.01256808072275789,0.001197689417428166
4.462121342077133,-9.918858197329412,-8.911460867424168,0.014682465898924852,0.0009122404144724499
4.174830340764383,-9.921244899036845,-8.422454182502092,0.011786766980271998,0.0011625260093188928
4.673960981610271,-9.908201777715822,-9.247185188754516,0.015302734488152399,0.000936954129009306
4.223543394074936,-9.93035286077029,-8.537118444686644,0.012170106745326868,0.0009526094644829379
4.284173174067814,-9.932581781054381,-8.719750332299379,0.01320978900349655,0.0009902006160016437
5.278443882464344,-9.968476710494652,-10.115432283505212,0.01672566159400234,0.0008054156718656066
3.4841947484262694,-9.87975245039825,-7.266523595686002,0.009353449319305982,0.0011336630761663723
4.312767403450886,-9.901303590360572,-8.608825168316862,0.013751302260342322,0.0013692427887872964
5.2544694789235535,-9.933613303447835,-10.030658014900485,0.016776380553441432,0.0007857597052753296
4.855033368544023,-9.978303169668601,-9.597529505224458,0.014779233317493907,0.0008886796084665555
3.654812267835482,-9.910997224664523,-7.530960646496335,0.011154162644390671,0.0015816407320763742
4.167679429075758,-9.909692729432894,-8.34614577249007,0.013606661256644679,0.001107096087810135
4.521951075547223,-9.957186232273955,-8.965645270022145,0.014041184178935245,0.0009416847443579577
4.824660361744459,-9.970318892155587,-9.202668733236525,0.015005959906345028,0.0008022813608158893
3.867832184151345,-9.928927879868013,-7.94571663964674,0.011250801905486057,0.00143389352408365
3.881040125775577,-9.882132595122133,-8.098358468375219,0.011366604041669172,0.0009269358948631889
3.7254883050659378,-9.894074542626306,-7.733398639339721,0.0103422074945987,0.0008817997962082509
4.614535139097081,-9.961369409327679,-9.074735825955875,0.01350625047104129,0.0010416133554310989
4.294244863249295,-9.960179267633647,-8.69461711563363,0.013300262293714296,0.0013222200752686802
4.523869588036384,-9.955643830913363,-8.880056769689794,0.014802324296734564,0.0007475096466796237
3.4820801531780914,-9.929182508645594,-7.229854243990232,0.009563987088746704,0.0012227901386022949
4.584834530391842,-9.902631498227104,-8.792890188886245,0.014174443608607588,0.0014409536702256792
5.182743564072579,-9.955516630581998,-9.950041293887235,0.016712366008006588,0.0006561310311490709
4.114915227310586,-9.908192645883577,-8.02907673136156,0.01280680789236548,0.001034034474655424
3.9573533695788776,-9.919007894648637,-8.105751946039641,0.011931871549862182,0.0010129760759574281
3.5737766006919953,-9.913576167618228,-7.5535587081111215,0.009823783697457563,0.0011115961213075411
4.420072265068721,-9.925949411280193,-8.78706123204711,0.014426293742875483,0.0010151404545915182
5.0001427424944,-9.9800762808817,-9.512396645019683,0.015729134439067316,0.0009334563435662815
4.325422898211087,-9.909670744263545,-8.579418196752572,0.013150236299424745,0.0011622037132392995
3.9221856447922603,-9.95240996065124,-8.139956064434259,0.010710828826210998,0.0011208857152616512
4.068769615218102,-9.962469979554852,-8.188034417801626,0.012140754818279786,0.0010455803807277533
4.633802304447254,-9.94198781398349,-9.273683075851203,0.014452120797910145,0.0007763860575786571
4.519792254147665,-9.969495290242072,-9.10133566471583,0.013963949167841749,0.0010719611656985983
5.080700563473432,-9.960710939964741,-9.81344861413627,0.015164111462316826,0.0010256584081817894
3.774350080446189,-9.86330456692496,-7.895676190055721,0.011480662470055934,0.001163866134105132
4.013847364224477,-9.897328987869459,-7.973875753235354,0.011897372462173454,0.0008386123629281446
4.2512746400629595,-9.892621454401919,-8.296041463537557,0.013074865142347934,0.0008894652234880579
4.427772404011969,-9.955573586015952,-8.976456223749729,0.013473491715920681,0.0009827738293639227
4.4378519398841165,-9.90662366388004,-8.920880166592186,0.013387328947185842,0.0008491769082929793
5.181557363866679,-9.938222420605607,-9.852566492977001,0.015955179630961602,0.0008247916414389997
4.310424340589022,-9.918493622521865,-8.64457942012211,0.012831608112946891,0.000900987529429488
4.345803908289726,-9.906106493998,-8.4338061118566,0.013325014078348643,0.0011230656641833708
4.692975641809338,-9.992605296842775,-9.30160675507049,0.014067851542314724,0.0012150155443053266
4.236549580704432,-9.912476087300519,-8.635569780094121,0.012430248278869136,0.0009673796450307306
3.9577360604116576,-9.873073687567446,-7.841224044289907,0.01211972994809975,0.000828200268661107
5.2786166411360895,-9.956755980362152,-9.906669402709658,0.016284280904193416,0.0008425499437531051
4.718675732873428,-9.947832599665302,-9.229693039999104,0.015606611293266454,0.000895957413443337
4.082060759345538,-9.85907587087795,-8.3019358233357,0.012468916188664362,0.0010940253181374892
4.8033005295448366,-9.917095579383853,-9.470188796158576,0.01475876290036814,0.00084581287621346
4.536221019840209,-9.934418847157932,-8.79333111356216,0.013908443564925578,0.0009310706210996439
5.020387507385365,-9.946939671985316,-9.617157574551626,0.01608162986150753,0.0008822986563760302
4.342391766583863,-9.87094789631967,-8.73507625696126,0.014201062217829649,0.0010242856685850853
3.981060028989719,-9.861965444448877,-8.053951858393788,0.012868557802900187,0.0009173930974915811
3.7807886384120373,-9.948293795034125,-7.6733569703851545,0.010577276335666276,0.001108667961759964
4.464969907884811,-9.937816465167318,-8.729291632155828,0.014731802354145299,0.0009250105754423642
4.318966275931705,-9.874630537385128,-8.751832088662724,0.013636297068782452,0.0010051600704363336
4.696953193535117,-9.969297255206692,-9.030994306231385,0.014714030256302175,0.0008239604203590376
3.7593959361149816,-9.85088283396917,-7.676562776440738,0.01176281670672928,0.0009312273055619031
4.86980761387001,-9.950588109950179,-9.241098955161165,0.015713889672051614,0.0010752154261477551
4.067203016460592,-9.886254788388799,-8.249788874201908,0.01177574911270423,0.0008600509411802797
