date,y_zeta_0.001,y_zeta_0.005,y_zeta_0.009,y_zeta_0.012,y_zeta_0.016,y_zeta_0.02
2020-03-01,0.0,0.0,0.0,0.0,0.0,0.0
2020-03-02,0.0,0.0,0.0,0.0,0.0,0.0
2020-03-03,0.0,0.0,0.0,0.0,0.0,0.0
2020-03-04,0.0,0.0,0.0,0.0,0.0,0.0
2020-03-05,0.0,0.0,0.0,0.0,0.0,0.0
2020-03-06,0.0,0.0,0.0,0.0,0.0,0.0
2020-03-07,4.203232266767165,0.5503473071757222,1.1735982790604944,0.873547311741817,1.883928668362296,0.3232627368921985
2020-03-08,4.516978902049839,0.07850106419302716,0.9688445833050708,0.873547311741817,2.284807722360815,0.3232627368921985
2020-03-09,4.839356288229283,0.07850106419302716,1.1850766831378459,0.9327467092328171,1.9949989347215287,0.36139971437050983
2020-03-10,6.184830474987104,1.192979052943725,0.878704760737908,0.9327467092328171,1.7610967001537339,0.3887086082911867
2020-03-11,7.282272326199148,1.8041843061084393,0.878704760737908,1.1747913539628443,1.7610967001537339,0.6321762475091063
2020-03-12,5.189227822066542,2.1460312939042296,0.21623209983277514,1.237849551368242,1.279062223978424,1.1382737136938126
2020-03-13,4.038395616373324,2.5617686601273317,0.21623209983277514,1.1705033347087155,1.2269317920716856,1.0898554700492542
2020-03-14,4.227208005250313,3.4899257242344177,0.49075250856549946,1.1705033347087155,0.760256513821337,1.0606831600801216
2020-03-15,5.419186747717123,3.4899257242344177,0.49075250856549946,1.1705033347087155,0.35937745982281816,1.355994721648599
2020-03-16,5.613187356154321,3.4899257242344177,0.7399846534429069,2.044367951168293,0.48393431717810326,1.2136623762915122
2020-03-17,4.2677131693965,2.8180763858080518,0.7757608155207397,2.181841122181067,1.1145519615168322,1.276253526515407
2020-03-18,3.1702713181844557,2.128903140779088,1.8565788643005692,2.1535855557208072,1.1145519615168322,1.1558641655147133
2020-03-19,5.11219318342678,2.8393494598093936,1.8565788643005692,1.9017316878485078,0.8864529366608043,1.1319356321448477
2020-03-20,4.7752939621438,2.9756311700463156,1.8565788643005692,1.9017316878485078,0.755174501694014,1.1808043905935053
2020-03-21,4.476029601723608,2.0469410336104517,1.7205353847780744,2.3759884877113597,1.3897428976860335,1.7942322902864702
2020-03-22,3.8093192820499047,2.502506257878667,2.2760991575347487,2.7433966030155648,1.8682574145456041,2.0298057095924666
2020-03-23,6.642983191331503,2.652854221208279,2.030997253806886,3.7172299181620314,1.743700557190319,2.275352133407773
2020-03-24,6.642983191331503,2.5409038635411,2.713696661185421,3.9854994986019725,1.6737830097629351,2.7553836884868015
2020-03-25,6.676186907277525,3.1664653533910587,2.4494207242260573,4.103598524064851,2.4732132695200946,3.3779871937524715
2020-03-26,5.669802942971314,3.3592100337885342,3.156559787796334,4.733405085104875,3.397279020190874,3.40252997034456
2020-03-27,6.991297819016315,4.211892846360867,3.156559787796334,5.730992881363542,4.398908287142308,3.8941440588023197
2020-03-28,8.790947852801912,4.91967826338333,4.277781083332894,6.15345391620244,4.935276526523498,4.630298321161216
2020-03-29,9.497984561408726,6.441511419574754,5.212220178682387,7.719411847005353,5.458209431884761,5.2631332420327155
2020-03-30,8.977804954372191,7.932675926924311,6.630938586439795,7.4873316504300345,6.2325692683165315,6.143280882933225
2020-03-31,10.593387172350958,8.746023489771789,7.470492211815578,9.349231243760638,7.880705167895412,7.416634955868746
2020-04-01,12.609703595700896,11.17360165324673,8.86185595125958,11.28557864163591,9.526171052179329,8.727188084516932
2020-04-02,12.771833116839417,12.253348299630828,11.225287017176074,13.878520871136399,11.850533995424287,11.126458639027081
2020-04-03,13.91356467670943,14.680756737763042,14.769389530736762,16.59681054953066,13.683715123386069,13.277495654977741
2020-04-04,16.630894720800672,19.575502630543387,17.93366370810461,19.903714759747242,16.742274607781262,15.697497437896716
2020-04-05,22.294122105399907,24.269020534063706,21.54336472184682,23.409602547946715,20.85682065699637,18.91126276488328
2020-04-06,25.624428869904026,29.399165766776193,26.05501456453471,27.595365279310958,25.119610951961874,21.995425910181517
2020-04-07,33.78624673446286,36.12053448009561,31.13972936682083,31.93679708199357,28.37949569983572,25.266479589381163
2020-04-08,42.14234904203266,42.45550812138752,37.40504602542786,36.38105670371755,32.55737620357872,29.327544969928454
2020-04-09,55.06740074483524,49.78830173744193,42.87670262273969,40.99884134090762,36.18155863748308,32.481673849089574
2020-04-10,66.14892702513932,59.72661784710188,48.23453429625057,45.9911159990775,40.86060048473964,37.006613764402935
2020-04-11,80.06281318944143,67.5436073149545,55.51828189457801,52.74058630013808,45.120125259811665,40.83583400079817
2020-04-12,92.62774562790331,77.33710828397498,62.20106686272924,58.18834276804062,49.01936059121186,43.80751182958286
2020-04-13,109.21453303416128,87.54136990250635,69.39499724202241,63.210499531813014,53.48066520552888,47.635640880051255
2020-04-14,125.252762440035,99.04057247975041,76.6262137868719,68.10922899813626,58.20441101770465,51.37283654992139
2020-04-15,145.21471670889193,110.89405586432419,83.23751255048983,72.90788467709764,61.927591305526065,54.0750252280418
2020-04-16,164.37654625351558,123.00130015143051,89.79888390221954,77.82330349974369,65.57943523303382,56.952552449013155
2020-04-17,185.30736621812875,133.16294203470636,97.51951352587207,82.17233412991521,69.10703715165486,58.30503976198872
2020-04-18,204.69154502381394,142.77657090086765,102.77763469620031,85.38313402752254,71.62236333288624,60.30997442942671
2020-04-19,225.63783414339434,151.1754911994833,108.32126690002137,88.22698172076484,74.03969180783938,63.00477748038355
2020-04-20,243.16269231367403,158.7369361918863,113.45107024759226,91.68552524838063,76.1970082983745,64.58165226886446
2020-04-21,259.3148712099254,164.2689523084469,118.37865777849352,94.82851825713996,77.78403343837215,65.81309728803099
2020-04-22,271.21086292409603,168.86498787892285,121.53061214091291,97.48685972049937,79.5154677974912,67.13122988843588
2020-04-23,281.5268389551288,172.9461193934534,125.43305549599407,99.8651820746326,81.15832276901459,68.43744983025648
2020-04-24,290.6685640726123,175.09392630877338,128.3484806575618,102.12686495088761,82.42750569469027,69.62436226262574
2020-04-25,293.5163516677455,179.05435472297893,129.4988048692879,103.34168034661091,83.66738976625665,70.68884608850784
2020-04-26,291.9168380533227,180.47895239547464,130.78473809398776,105.36835590522074,84.5260800782564,70.6762746205128
2020-04-27,290.79149561745544,182.0853885700186,130.90438377163292,106.79023343052783,84.78830399530587,71.08277624315515
2020-04-28,287.92491913761376,183.2407739832399,130.96600584115032,107.69453442377852,85.49568128127076,70.75588825301377
2020-04-29,281.75565685336124,182.7895871089889,131.3973345297165,107.49011163331569,85.4012086605955,70.73182428696485
2020-04-30,274.34240034212036,183.76018944176744,131.45716670556712,106.84869097251003,85.05764485186354,70.67230907506053
2020-05-01,264.1809402424978,183.71724481989517,129.13980314658025,106.63265591930846,85.34288476326077,71.42561757243406
2020-05-02,255.28288562480964,182.33778680175115,128.69684658596688,106.26492597273887,84.78753372129576,70.65836606002074
2020-05-03,246.80998527501703,179.66255984210414,127.76304210396302,105.11313436643628,84.60833698138636,70.14412012636194
2020-05-04,236.22350049714194,176.82162249035707,127.34865625174473,104.14108192174874,84.23790230283431,69.96352941574152
2020-05-05,222.53026759777177,173.66785135568537,126.37862577000828,102.9647156218002,84.19073825335904,70.00067346229264
2020-05-06,211.12914704747425,170.6640673528788,124.87641500154473,101.87278667953403,83.60856750260186,69.7090670343629
2020-05-07,195.66534719102188,165.3290771504844,122.97104301820639,101.59602733282566,83.50218904639466,69.1463881240691
2020-05-08,182.99838945568246,160.16003951175267,122.59856709747015,100.71472809358437,82.56453011934215,68.1462965539661
2020-05-09,169.9053990186875,155.83284993894748,121.16998055300184,100.2914763570822,82.70322824054008,67.63465775659147
2020-05-10,156.36557536246698,152.49165954908753,119.83991102803972,100.18702886488832,82.45969208488802,67.59063710141048
2020-05-11,145.59047763905656,149.12650083370823,117.38384536057329,98.845497778821,82.25554100125666,67.43930544151402
2020-05-12,136.82007773768515,145.6547343387306,116.11952492567764,98.13243491142364,81.04814706422154,66.9411892421627
2020-05-13,127.51977598186417,140.77237977419344,114.96495632488673,97.89455183653754,81.13174058144412,66.67715780468922
2020-05-14,121.48735817527654,135.8961409911409,112.8216718888073,96.9488831526487,79.92624260086386,66.24313481305414
2020-05-15,112.63567941963123,132.81512670545555,111.08559218503991,95.17826188736292,79.06897093491098,65.92951643674309
2020-05-16,104.78914012698334,127.99726540663877,110.32236825039875,92.69937870277504,77.74583082766416,65.42826723857183
2020-05-17,97.27267882771969,124.16683091025278,108.12278513784851,90.91256614158397,76.00362838540117,65.21686566672564
2020-05-18,87.92394399810046,118.93548650787147,105.88941953469615,89.94588764110526,75.17851931736656,64.36639645689559
2020-05-19,80.45338829383935,114.20945066106717,103.05643557158442,87.68922398719297,74.16487228104997,64.0874941154453
2020-05-20,73.3164980579776,110.23739844979266,101.01459504375876,86.60517114954061,72.77388818999671,63.16984624775061
2020-05-21,65.02523266295424,106.19793209371846,98.40832656112802,84.78497216474534,72.3787140889921,62.453267202959715
2020-05-22,60.86078464207278,100.65182493160177,96.01853429957832,83.87083040487153,71.71478163204739,61.984472085762675
2020-05-23,56.82879692729975,94.66826933811065,92.7088820822561,83.36124960612617,71.32928876283374,61.99719982265901
2020-05-24,54.11468574581492,89.84953312086867,90.83708804117455,81.68229573318176,70.5755013371916,61.121203133360474
2020-05-25,52.4221729426184,85.85398782995391,88.59395127313502,80.15038410175558,69.74633227178086,60.71520178232113
2020-05-26,47.06993599500595,81.78111155576606,85.9195834758771,79.86922692685582,69.21836248910263,60.425622556854854
2020-05-27,44.17888079365631,79.46030712697936,84.57744620728978,78.03278217910128,68.45809226964215,60.00596997967062
2020-05-28,41.8251241924539,77.06981688624249,82.96995650536134,77.67468458611829,67.67274456530347,59.84051701835916
2020-05-29,38.75992277180042,73.81722025551139,80.75248185364694,75.84967819472266,66.90686298275277,59.47921129747142
2020-05-30,35.588489217058246,73.04210553133603,79.47081104224449,74.11223837726862,66.01898407644327,58.88232057434356
2020-05-31,34.143356035610815,69.79200876353812,76.97751725066296,73.3645783241425,66.05302427456418,58.64533068856246
2020-06-01,29.62999086528956,68.09429118676516,76.08548416049243,71.67300667233101,65.26173405081681,58.206018138291256
2020-06-02,30.56051305005301,64.57061724743004,75.25235572570858,70.41073472525115,64.28322406988082,57.37461781059081
2020-06-03,27.622667861999854,61.06091799458117,72.49315229112415,69.52764944549794,63.62641394401154,57.04692434272009
2020-06-04,26.710842940616285,58.66469133773373,70.61205631143014,67.52206483695582,62.90994367145693,56.879264861408316
2020-06-05,24.131330790055568,56.09671433894847,68.73545323407367,67.02988816159342,61.7671554273013,56.00848125049656
2020-06-06,21.54625118978854,52.34894644355422,67.36623944778344,66.05678044521916,61.20638933015723,55.32194584929313
2020-06-07,18.40779141542663,50.232887114424926,66.19720796047383,64.77752859091143,60.613250322207655,54.91875590763735
2020-06-08,17.35707069952679,46.21834404280181,64.73141778850767,64.41318535405468,60.04842156276864,54.41444988355666
2020-06-09,12.611742062557397,43.24721986371001,62.84201194554599,63.27574163898167,59.267545935875,53.963711771139735
2020-06-10,10.865366584350578,41.040893229174635,60.59126375466151,62.20534846187945,58.33675871857171,53.85530679075268
2020-06-11,8.963875470805176,38.754181104192405,59.28810181535371,61.18817710179605,57.77597013378756,52.6750779305702
2020-06-12,6.916948957523603,37.63068518323675,57.550063985621385,59.71445156372491,57.337212821209484,51.97051453079975
2020-06-13,6.342850333095835,36.045745702954214,55.155591224333996,58.75847065302818,56.51325191722382,51.7814814946569
2020-06-14,4.900706817576894,33.643738133736136,52.99042307236385,57.25642988461204,55.36481356278997,50.96928293678693
2020-06-15,5.18469502656599,32.660470296111555,51.404254731454635,56.061943339699845,54.47022146485673,50.96981653646742
2020-06-16,6.9684958650007855,31.592572686692698,49.882687239635075,54.37638928533305,53.817609024771265,50.296214492421555
2020-06-17,6.341314043657417,28.403357066707887,49.2361100033259,53.20525739508842,53.61850667503002,49.55618288112137
2020-06-18,7.5067411750484965,25.48559193617722,48.252547643167816,51.481447070821645,52.620338807467554,49.42673110019079
2020-06-19,7.431215211728943,24.246768572785943,47.148494427810746,51.20993229319329,51.762490658002086,49.00899837591121
2020-06-20,7.970847169100471,22.413941233795878,45.41117069830487,50.64248816471893,51.20158512551813,48.691864869993545
2020-06-21,8.578120990581667,19.71284987560358,44.25403484610738,49.9771553859061,50.15137531804041,48.39988388389264
2020-06-22,6.602572235763512,17.604737119869366,42.96608577895258,48.66907541969807,50.086735437430576,47.620362523701814
2020-06-23,4.8187713973287165,17.170120244160838,41.56746345086123,48.306825515636916,49.567473780173586,47.23770949497952
2020-06-24,4.765235482621219,17.20325940714648,39.74426326651154,47.340145796990676,48.55111190531442,46.408859253896324
2020-06-25,3.029943122454595,16.87698237893168,38.511170973619514,46.34775944694242,47.465672795439396,46.23414690164528
2020-06-26,3.1196118018078622,13.987975494846417,36.95552755749046,44.43595722168148,47.25134332308283,46.12450990336409
2020-06-27,3.101599734589334,13.388197568702541,36.04794908899732,42.89540781702528,46.01987258386553,45.13354390059892
2020-06-28,1.642371776296632,14.717975797558276,35.82036032652465,41.763046997397424,45.31920001189998,44.67817614759827
2020-06-29,1.642371776296632,14.13258869912367,33.34914602571748,40.714592434574506,43.94814875256607,43.61659174506236
2020-06-30,1.642371776296632,13.848686842530194,31.54266325757239,39.186140046012774,43.66923170059354,43.625676663739725
2020-07-01,2.2083837386625778,12.348965866746537,30.990898616123378,38.498322002803384,42.7702467982831,43.32481902649423
